App Name,API Product,API Proxy
PPAY,API-Banking-v1,Billers-v1
PPAY,API-Banking-v1,BillsPaymentTransactions-v1
PPAY,API-Banking-v1,SendSMS-v1
PPAY,API-Banking-v1,SendMoneyEmail-v1
PPAY,API-Banking-v1,Otp-v1
PPAY,API-Banking-v1,Logout-v1
PPAY,API-Banking-v1,FinTech-TokenAppDetails-Private
PPAY,API-Banking-v1,DigiFI-Login-v2
PPAY,API-Banking-v1,GetClientInfo-v2
PPAY,FinTech-Internal-v1,FinTech-AddLink-Internal
PPAY,FinTech-Internal-v1,FinTech-Authorize-Internal
PPAY,FinTech-Internal-v1,FinTech-LinkedAccounts-Internal
PPAY,FinTech-Internal-v1,FinTech-Passthroughs-Internal
PPAY,FinTech-Internal-v1,FinTech-RefreshToken-Internal
PPAY,FinTech-Internal-v1,FinTech-SingleSession-Internal
PPAY,FinTech-Internal-v1,Fintech-TermsAndConditions_PrivatePolicy-Internal
LazadaAlipay,FinTech-DirectLink-v1,FinTech-Authorize
LazadaAlipay,FinTech-DirectLink-v1,FinTech-LinkedAccounts
LazadaAlipay,FinTech-DirectLink-v1,FinTech-Payment
LazadaAlipay,FinTech-DirectLink-v1,FinTech-PaymentInitiate
LazadaAlipay,FinTech-DirectLink-v1,FinTech-PaymentStatus
LazadaAlipay,FinTech-DirectLink-v1,FinTech-ResendOTP
LazadaAlipay,FinTech-DirectLink-v1,FinTech-Token
LazadaAlipay,FinTech-DirectLink-v1,FinTech-Unlinking
LazadaAlipay,FinTech-DirectLink-v1,FinTech-ValidateOTP
Grab-Direct-Debit,FinTech-DirectLink-v1,FinTech-Authorize
Grab-Direct-Debit,FinTech-DirectLink-v1,FinTech-LinkedAccounts
Grab-Direct-Debit,FinTech-DirectLink-v1,FinTech-Payment
Grab-Direct-Debit,FinTech-DirectLink-v1,FinTech-PaymentInitiate
Grab-Direct-Debit,FinTech-DirectLink-v1,FinTech-PaymentStatus
Grab-Direct-Debit,FinTech-DirectLink-v1,FinTech-ResendOTP
Grab-Direct-Debit,FinTech-DirectLink-v1,FinTech-Token
Grab-Direct-Debit,FinTech-DirectLink-v1,FinTech-Unlinking
Grab-Direct-Debit,FinTech-DirectLink-v1,FinTech-ValidateOTP
PHQR-Notification-PROD,Swift-Pass-v1,Swift-Pass-API
PHQR-Notification-PROD,OAuth2-Token-v2,OAuth2-Token-API
PHQR-Keys,Merchant-Presented-QR-v1,Merchant-Presented-QR-v1
PHQR-Keys,OAuth2-Token-v2,OAuth2-Token-API
BDO-Checkout-Prod,OAuth2-Token-v2,OAuth2-Token-API
BDO-Checkout-Prod,Switch-Card-Utility-v1,SCU-Transaction-Inquiry-v1
MS-Dynamics-365,OAuth2-Token-v2,OAuth2-Token-API
MS-Dynamics-365,CCM-v1-PROD,CCM-v1-BAPI
MS-Dynamics-365,Communicator-Gateway-PROD,Communicator-Gateway-API
CJ-CASA,CJ-Backbase-v1-PROD,CJ-Backbase-v1
CJ-CASA,CJ-Backbase-v1-PROD,CBG-CJ_CC-ApiBanking_Login-V1
QMS-PROD,ApiBanking-BillsPayment-v1-PROD,ApiBanking-Billers-v2
QMS-PROD,ApiBanking-CIAM-v1-PROD,ApiBanking-Login-v1
QMS-PROD,BankGenie-v1-PROD,BankGenie-v1
ACS_CCM,CCM-v1-PROD,CCM-v1-BAPI
ACS_CCM,CCM-Utilities-v1-PROD,CCM-v1-BAPI
ACS_CCM,CCM-Utilities-v1-PROD,ApiBanking-Login-v1
Avaloq,ApiBanking-Login-v1,CBG-CJ_CC-ApiBanking_Login-V1
Avaloq,Avaloq-hk-preprod,COG_Avaloq_Balance_Inquiry
Avaloq,Avaloq-hk-preprod,COG_Avaloq_Transaction_Inquiry
Avaloq,Avaloq-hk-preprod,COG_Avaloq_Cash_Settlement
Avaloq,Avaloq-hk-preprod,COG_Avaloq_Lien
OneLoyalty-GIFTWAY,OneLoyalty-VoucherWallet,CBG-CJ_CC-ApiBanking_Login-V1
OneLoyalty-GIFTWAY,OneLoyalty-VoucherWallet,Retail-OneLoyalty-VoucherWallet-V1
OneLoyalty-GIFTWAY,OneLoyalty-VoucherWallet,Retail-OneLoyalty-VoucherWallet-V1
OneLoyalty-GIFTWAY,OneLoyalty-RewardsCard,CBG-CJ_CC-ApiBanking_Login-V1
OneLoyalty-GIFTWAY,OneLoyalty-RewardsCard,Retail-OneLoyalty-RewardsCard-V1
OneLoyalty-GIFTWAY,OneLoyalty-RewardsCard,Retail-OneLoyalty-RewardsCard-V1
OneLoyalty-GIFTWAY,OneLoyalty-RewardsCard,Retail-OneLoyalty-RewardsCard-V1
NDBWEB,Retrieve-Currency-Exchange-V1,Retrieve-Currency-Exchange-V1
NDBWEB,ViewingOfAccounts,CasaAccounts-v3
NDBWEB,ViewingOfAccounts,LoanAccounts-v2
NDBWEB,ViewingOfAccounts,TDAccounts-v2
NDBWEB,ViewingOfAccounts,ApiBanking-CreditCardAccountsTokenized-v5
NDBWEB,CheckBookReOrder-v1,CheckBookReOrder-v1
NDBWEB,SendMoneyPesonetImmediate,SendMoneyPesonet-v1
NDBWEB,SendMoneyPesonetImmediate,SendMoneyPesonetRequest-v1
NDBWEB,BDOPay2-BB-PROD,ApiBanking-DeviceRegistration-v1
NDBWEB,BDOPay2-BB-PROD,ApiBanking-Login-v1
NDBWEB,BDOPay2-BB-PROD,ApiBanking-CreditCardAccountsTokenized-v1
NDBWEB,BDOPay2-BB-PROD,CasaAccounts-v1
NDBWEB,BDOPay2-BB-PROD,ApiBanking-CreditCardAccountsTokenized-v2
NDBWEB,BDOPay2-BB-PROD,ApiBanking-Login2FA-v2
NDBWEB,BDOPay2-BB-PROD,ApiBanking-LoginFor2FA-v1
NDBWEB,BDOPay2-BB-PROD,ApiBanking-ForgotPassword-v1
NDBWEB,BDOPay2-BB-PROD,ApiBanking-CasaVerifications-v1
NDBWEB,BDOPay2-BB-PROD,ApiBanking-CreditCardVerifications-v1
NDBWEB,BDOPay2-BB-PROD,ApiBanking-Billers-v2
NDBWEB,BDOPay2-BB-PROD,ApiBanking-UserAttributes-v1
NDBWEB,BDOPay2-BB-PROD,SendMoneyInstaPay-v1
NDBWEB,BDOPay2-BB-PROD,QrTransactions-v2
NDBWEB,BDOPay2-BB-PROD,QrRequest-v2
NDBWEB,BDOPay2-BB-PROD,SendMoneyImmediate-v2
NDBWEB,BDOPay2-BB-PROD,SendMoneyBDO
NDBWEB,BDOPay2-BB-PROD,SendMoneyInstapayRequest-v2
NDBWEB,BDOPay2-BB-PROD,SendMoneyInstapay-v2
NDBWEB,BDOPay2-BB-PROD,BillsPaymentTransactions-v1
NDBWEB,BDOPay2-BB-PROD,BillsPaymentRequest-v1
NDBWEB,BDOPay2-BB-PROD,CasaAccounts-v2
NDBWEB,BDOPay2-BB-PROD,ApiBanking-Logout-v1
NDBWEB,BDOPay2-BB-PROD,ApiBanking-ChangePassword-v1
NDBWEB,BDOPay2-BB-PROD,ApiBanking-2-Way-SMS-v0
NDBWEB,BDOPay2-BB-PROD,ApiBanking-Login2FA-v1
NDBWEB,BDOPay2-BB-PROD,LoanAccounts-v1
NDBWEB,BDOPay2-BB-PROD,TDAccounts-v1
NDBWEB,BDOPay2-BB-PROD,PrepaidMobileReloadImmediate-v1
NDBWEB,BDOPay2-BB-PROD,SendMoneyScheduledRequest-v2
NDBWEB,BDOPay2-BB-PROD,SendMoneyScheduled-v2
NDBWEB,BDOPay2-BB-PROD,PrepaidMobileReloadRequest-v1
NDBWEB,BDOPay2-BB-PROD,ApiBanking-AccountsSignUpCASA-v1
NDBWEB,BDOPay2-BB-PROD,ApiBanking-AccountsSignUpCreditCard-v1
NDBWEB,BDOPay2-BB-PROD,ApiBanking-UserRegistrations-v1
NDBWEB,BDOPay2-BB-PROD,CreditCardAccounts-v1
NDBWEB,BDOPay2-BB-PROD,commSigBalanceInq-v1
NDBWEB,BDOPay2-BB-PROD,ApiBanking-AtmQr-v1
NDBWEB,BDOPay2-BB-PROD,CreditCardAccounts-v2
NDBWEB,BDOPay2-BB-PROD,SendMoneyScheduled-v2-1
NDBWEB,BDOPay2-BB-PROD,ApiBanking-CreditCardAccountsTokenized-v4
NDBWEB,BDOPay2-BB-PROD,CreditCardAccounts-v4
NDBWEB,BDOPay2-BB-PROD,GetDebitCardInfo-V1
NDBWEB,BDOPay2-BB-PROD,QrProcessor-v4
NDBWEB,BDOPay2-BB-PROD,DebitCardSecurityManagement-v1
NDBWEB,BDOPay2-BB-PROD,CreditCardSecurityManagement-v1
NDBWEB,BDOPay2-BB-PROD,RefreshTokenImport-v1
NDBWEB,BDOPay2-BB-PROD,ApiBanking-ChangeEmail-v1
NDBWEB,BDOPay2-BB-PROD,ApiBanking-ChangeSMS-v1
NDBWEB,BDOPay2-BB-PROD,BOP-CasaAcounts-v1
NDBWEB,SendMoneyUSDToPHPImmediate,SendMoneyUSDToPHP-v1
NDBWEB,SendMoneyUSDToPHPImmediate,SendMoneyUSDToPHPRequest-v1
NDBWEB,SendMoneyInstapayScheduled,SendMoneyInstapayScheduledRequest-v1
NDBWEB,SendMoneyInstapayScheduled,SendMoneyInstapayScheduled-v1
NDBWEB,CreditCard-eSOA-v1,CreditCard-eSOA-Tokenized-v1
NDBWEB,StopPaymentOrder-v1,StopPaymentOrder-v1
NDBWEB,BillsPayScheduled-PROD,BillsPaymentScheduledTransactions-v1
NDBWEB,BillsPayScheduled-PROD,BillsPaymentScheduledTransactions-v2
NDBWEB,BillsPayScheduled-PROD,BillsPaySearch-v0
NDBWEB,BillsPayScheduled-PROD,BillsPaymentScheduledRequest-v2
NDBWEB,PrepaidMobileReloadScheduled-PROD,PrepaidMobileReloadScheduled-v1
NDBWEB,PrepaidMobileReloadScheduled-PROD,PrepaidMobileReloadScheduled-v2
NDBWEB,PrepaidMobileReloadScheduled-PROD,PrepaidMobileReloadScheduledRequest-v2
NDBWEB,MPS-RegisterCustomerService,Retail-MPS-RegisterCustomerService-V1
NDBWEB,MPS-RegisterCustomerService,Retail-MPS-RegisterCustomerService-V1
NDBWEB,MPS-RegisterCustomerService,Retail-MPS-RegisterCustomerService-V1
NDBWEB,MPS-RegisterCustomerService,Retail-MPS-RegisterCustomerService-V1
NDBWEB,MPS-RegisterCustomerService,ApiBanking-Login-v1
ADA-Local-App,ADA-Product-PREPROD,ADA-Get_App_Attributes-V1
ADA-Local-App,ADA-Product-PREPROD,ADA-Authorize_Redirect-v1
ADA-Local-App,ADA-Product-PREPROD,CBG-CJ_CC-ApiBanking_Login-V1
Backbase-NDB-MOB-App,BDOPay2-BB-PREPROD,ApiBanking-DeviceRegistration-v1
Backbase-NDB-MOB-App,BDOPay2-BB-PREPROD,ApiBanking-Login-v1
Backbase-NDB-MOB-App,BDOPay2-BB-PREPROD,ApiBanking-CreditCardAccountsTokenized-v1
Backbase-NDB-MOB-App,BDOPay2-BB-PREPROD,CasaAccounts-v1
Backbase-NDB-MOB-App,BDOPay2-BB-PREPROD,ApiBanking-CreditCardAccountsTokenized-v2
Backbase-NDB-MOB-App,BDOPay2-BB-PREPROD,ApiBanking-Login2FA-v2
Backbase-NDB-MOB-App,BDOPay2-BB-PREPROD,ApiBanking-LoginFor2FA-v1
Backbase-NDB-MOB-App,BDOPay2-BB-PREPROD,ApiBanking-ForgotPassword-v1
Backbase-NDB-MOB-App,BDOPay2-BB-PREPROD,ApiBanking-CasaVerifications-v1
Backbase-NDB-MOB-App,BDOPay2-BB-PREPROD,ApiBanking-CreditCardVerifications-v1
Backbase-NDB-MOB-App,BDOPay2-BB-PREPROD,ApiBanking-Billers-v2
Backbase-NDB-MOB-App,BDOPay2-BB-PREPROD,ApiBanking-UserAttributes-v1
Backbase-NDB-MOB-App,BDOPay2-BB-PREPROD,SendMoneyInstaPay-v1
Backbase-NDB-MOB-App,BDOPay2-BB-PREPROD,QrTransactions-v2
Backbase-NDB-MOB-App,BDOPay2-BB-PREPROD,QrRequest-v2
Backbase-NDB-MOB-App,BDOPay2-BB-PREPROD,SendMoneyImmediate-v2
Backbase-NDB-MOB-App,BDOPay2-BB-PREPROD,SendMoneyBDO
Backbase-NDB-MOB-App,BDOPay2-BB-PREPROD,SendMoneyInstapayRequest-v2
Backbase-NDB-MOB-App,BDOPay2-BB-PREPROD,SendMoneyInstapay-v2
Backbase-NDB-MOB-App,BDOPay2-BB-PREPROD,BillsPaymentTransactions-v1
Backbase-NDB-MOB-App,BDOPay2-BB-PREPROD,BillsPaymentRequest-v1
Backbase-NDB-MOB-App,BDOPay2-BB-PREPROD,CasaAccounts-v2
Backbase-NDB-MOB-App,BDOPay2-BB-PREPROD,ApiBanking-Logout-v1
Backbase-NDB-MOB-App,BDOPay2-BB-PREPROD,ApiBanking-ChangePassword-v1
Backbase-NDB-MOB-App,BDOPay2-BB-PREPROD,ApiBanking-2-Way-SMS-v0
Backbase-NDB-MOB-App,BDOPay2-BB-PREPROD,ApiBanking-Login2FA-v1
Backbase-NDB-MOB-App,BDOPay2-BB-PREPROD,LoanAccounts-v1
Backbase-NDB-MOB-App,BDOPay2-BB-PREPROD,TDAccounts-v1
Backbase-NDB-MOB-App,BDOPay2-BB-PREPROD,PrepaidMobileReloadImmediate-v1
Backbase-NDB-MOB-App,BDOPay2-BB-PREPROD,SendMoneyScheduledRequest-v2
Backbase-NDB-MOB-App,BDOPay2-BB-PREPROD,SendMoneyScheduled-v2
Backbase-NDB-MOB-App,BDOPay2-BB-PREPROD,PrepaidMobileReloadRequest-v1
Backbase-NDB-MOB-App,BDOPay2-BB-PREPROD,ApiBanking-AccountsSignUpCASA-v1
Backbase-NDB-MOB-App,BDOPay2-BB-PREPROD,ApiBanking-AccountsSignUpCreditCard-v1
Backbase-NDB-MOB-App,BDOPay2-BB-PREPROD,ApiBanking-UserRegistrations-v1
Backbase-NDB-MOB-App,BDOPay2-BB-PREPROD,CreditCardAccounts-v1
Backbase-NDB-MOB-App,BDOPay2-BB-PREPROD,commSigBalanceInq-v1
Backbase-NDB-MOB-App,BDOPay2-BB-PREPROD,ApiBanking-AtmQr-v1
Backbase-NDB-MOB-App,BDOPay2-BB-PREPROD,CreditCardAccounts-v2
Backbase-NDB-MOB-App,BDOPay2-BB-PREPROD,SendMoneyScheduled-v2-1
Backbase-NDB-MOB-App,BDOPay2-BB-PREPROD,ApiBanking-CreditCardAccountsTokenized-v4
Backbase-NDB-MOB-App,BDOPay2-BB-PREPROD,CreditCardAccounts-v4
Backbase-NDB-MOB-App,BDOPay2-BB-PREPROD,GetDebitCardInfo-V1
Backbase-NDB-MOB-App,BDOPay2-BB-PREPROD,QrProcessor-v4
Backbase-NDB-MOB-App,BDOPay2-BB-PREPROD,DebitCardSecurityManagement-v1
Backbase-NDB-MOB-App,BDOPay2-BB-PREPROD,CreditCardSecurityManagement-v1
Backbase-NDB-MOB-App,BDOPay2-BB-PREPROD,ApiBanking-ChangeEmail-v1
Backbase-NDB-MOB-App,BDOPay2-BB-PREPROD,ApiBanking-ChangeSMS-v1
NDBMOB,BDO-Digital-FICO-PREPROD,ApiBanking-FICO-HostResponse-v1
NDBMOB,BDO-Digital-FICO-PREPROD,SendMoneyBDO
NDBMOB,BDO-Digital-FICO-PREPROD,SendMoneyBDO-v3
NDBMOB,BDO-Digital-FICO-PREPROD,SendMoneyEmail-v1
NDBMOB,BDO-Digital-FICO-PREPROD,SendMoneyImmediate-v2
NDBMOB,BDO-Digital-FICO-PREPROD,SendMoneyImmediate-v3
NDBMOB,BDO-Digital-FICO-PREPROD,SendMoneyImmediateRequestEncrypted-v1
NDBMOB,BDO-Digital-FICO-PREPROD,SendMoneyImmediateRequestTokenized-v1
NDBMOB,BDO-Digital-FICO-PREPROD,SendMoneyImmediateTransactionsEncrypted-v1
NDBMOB,BDO-Digital-FICO-PREPROD,SendMoneyImmediateTransactionsTokenized-v1
NDBMOB,BDO-Digital-FICO-PREPROD,SendMoneyInstaPay-v1
NDBMOB,BDO-Digital-FICO-PREPROD,SendMoneyInstapay-v2
NDBMOB,BDO-Digital-FICO-PREPROD,SendMoneyInstaPay-v3
NDBMOB,BDO-Digital-FICO-PREPROD,SendMoneyInstaPayEncrypted-v1
NDBMOB,BDO-Digital-FICO-PREPROD,SendMoneyInstapayRequest-v2
NDBMOB,BDO-Digital-FICO-PREPROD,SendMoneyInstapayRequest-v3
NDBMOB,BDO-Digital-FICO-PREPROD,SendMoneyInstapayRequestEncrypted-v2
NDBMOB,BDO-Digital-FICO-PREPROD,SendMoneyInstaPayTokenized-v1
NDBMOB,BDO-Digital-FICO-PREPROD,SendMoneyScheduled-v1
NDBMOB,BDO-Digital-FICO-PREPROD,SendMoneyScheduled-v2
NDBMOB,BDO-Digital-FICO-PREPROD,SendMoneyScheduled-v2-1
NDBMOB,BDO-Digital-FICO-PREPROD,SendMoneyScheduled-v3
NDBMOB,BDO-Digital-FICO-PREPROD,SendMoneyScheduledRequest-v2
NDBMOB,BDO-Digital-FICO-PREPROD,SendMoneyScheduledRequest-v3
NDBMOB,BDO-Digital-FICO-PREPROD,SendMoneyScheduledRequestEncrypted-v2
NDBMOB,BDO-Digital-FICO-PREPROD,SendMoneyScheduledTransactionsEncrypted-v1
NDBMOB,BDO-Digital-FICO-PREPROD,ApiBanking-UserAttributes-v1
NDBMOB,BDO-Digital-FICO-PREPROD,ApiBanking-Login-v1
BDOPay-Prod,BDO-Digital-PROD1,QrTransactionsVoid-v1
BDOPay-Prod,BDO-Digital-PROD1,MPQR-SP-V1
BDOPay-Prod,BDO-Digital-PROD1,CCNotification-SP-V1
BDOPay-Prod,BDO-Digital-PROD1,CASANotification-SP-V1
BDOPay-Prod,BDO-Digital-PROD1,StatusEnquiry-SP-V1
BDOPay-Prod,BDO-Digital-PROD1,VoidAuthorization-SP-V1
BDOPay-Prod,BDO-Digital-PROD1,QrRequest-v2
BDOPay-Prod,BDO-Digital-PROD1,QrTransactions-v2
BDOPay-Prod,BDO-Digital-PROD1,QrTransactionsVoid-v2
BDOPay-Prod,BDO-Digital-PROD1,VOIDTransaction-MS-V2
BDOPay-Prod,BDO-Digital-PROD1,CPQRAuthorization-SP-V1
BDOPay-Prod,BDO-Digital-PROD1,CPQRVerification-BB-V1
BDOPay-Prod,BDO-Digital-PROD1,TransactionStatusCPQRAndVoid-BB-V1
BDOPay-Prod,BDO-Digital-PROD1,Platform-logging-V1
BDOPay-Prod,BDO-Digital-PROD1,ApiBanking-GetUsersByCIF-v1
BDOPay-Prod,BDO-Digital-PROD1,DigiFI-Login-v2
BDOPay-Prod,BDO-Digital-PROD1,OAuth2-Token-API
BDOPay-Prod,BDO-Digital-PROD1,ApiBanking-AuthOTP-v1
BDOPay-Prod,BDO-Digital-PROD1,Otp-v1
BDOPay-Prod,BDO-Digital-PROD1,ApiBanking-ForgotUsername-v1
BDOPay-Prod,BDO-Digital-PROD1,ApiBanking-LoginFor2FA-v1
BDOPay-Prod,BDO-Digital-PROD1,Logout-v1
BDOPay-Prod,BDO-Digital-PROD1,CCM-v1-BAPI
BDOPay-Prod,BDO-Digital-PROD1,SendSMS-v1
BDOPay-Prod,BDO-Digital-PROD1,ApiBanking-ChangeEmail-v1
BDOPay-Prod,BDO-Digital-PROD1,ApiBanking-ChangeSMS-v1
BDOPay-Prod,BDO-Digital-PROD1,ApiBanking-EnrollmentsOthersCasa-v1
BDOPay-Prod,BDO-Digital-PROD1,GetClientInfo-v2
BDOPay-Prod,BDO-Digital-PROD1,ApiBanking-Customers-v1
BDOPay-Prod,BDO-Digital-PROD1,ApiBanking-Customers-v2
BDOPay-Prod,BDO-Digital-PROD1,DigiFI-Contact-Account-Enrollments-v1
BDOPay-Prod,BDO-Digital-PROD1,EnrolledAccounts-v0
BDOPay-Prod,BDO-Digital-PROD1,FinTech-TokenAppDetails-Private
BDOPay-Prod,BDO-Digital-PROD1,CreditCardAccounts-v2
BDOPay-Prod,BDO-Digital-PROD1,SendMoneyScheduled-v2-1
BDOPay-Prod,BDO-Digital-PROD1,SendMoneyEmail-v1
BDOPay-Prod,BDO-Digital-PROD1,Recipient-QR
BDOPay-Prod,BDO-Digital-PROD1,Billers-v1
BDOPay-Prod,BDO-Digital-PROD1,Internal-Remittance-API-v1
BDOPay-Prod,BDO-Digital-PROD1,commSigBalanceInq-v1
BDOPay-Prod,BDO-Digital-PROD1,BillsPaymentTransactionsTokenized-v1
BDOPay-Prod,BDO-Digital-PROD,ApiBanking-Login-v1
BDOPay-Prod,BDO-Digital-PROD,ApiBanking-DeviceRegistration-v1
BDOPay-Prod,BDO-Digital-PROD,ApiBanking-2-Way-SMS-v0
BDOPay-Prod,BDO-Digital-PROD,ApiBanking-ForgotPassword-v1
BDOPay-Prod,BDO-Digital-PROD,ApiBanking-ChangePassword-v1
BDOPay-Prod,BDO-Digital-PROD,ApiBanking-Login2FA-v1
BDOPay-Prod,BDO-Digital-PROD,ApiBanking-UserAttributes-v1
BDOPay-Prod,BDO-Digital-PROD,ApiBanking-Logout-v1
BDOPay-Prod,BDO-Digital-PROD,ApiBanking-UserRegistrations-v1
BDOPay-Prod,BDO-Digital-PROD,TDAccounts-v1
BDOPay-Prod,BDO-Digital-PROD,ApiBanking-AccountsSignUpCASA-v1
BDOPay-Prod,BDO-Digital-PROD,ApiBanking-CasaVerifications-v1
BDOPay-Prod,BDO-Digital-PROD,CasaAccounts-v2
BDOPay-Prod,BDO-Digital-PROD,CasaAccounts-v1
BDOPay-Prod,BDO-Digital-PROD,ApiBanking-CreditCardAccountsTokenized-v1
BDOPay-Prod,BDO-Digital-PROD,LoanAccounts-v1
BDOPay-Prod,BDO-Digital-PROD,TimeDepositAccounts-v1
BDOPay-Prod,BDO-Digital-PROD,CasaAccountsTokenized-v1
BDOPay-Prod,BDO-Digital-PROD,ApiBanking-AccountsSignUpCreditCard-v1
BDOPay-Prod,BDO-Digital-PROD,ApiBanking-CreditCardVerifications-v1
BDOPay-Prod,BDO-Digital-PROD,ApiBanking-CreditCardAccountsTokenized-v2
BDOPay-Prod,BDO-Digital-PROD,CreditCardAccounts-v1
BDOPay-Prod,BDO-Digital-PROD,CreditCardAccountsTokenized-v1
BDOPay-Prod,BDO-Digital-PROD,SendMoneyImmediateRequestTokenized-v1
BDOPay-Prod,BDO-Digital-PROD,SendMoneyImmediateTransactionsTokenized-v1
BDOPay-Prod,BDO-Digital-PROD,SendMoneyBDO
BDOPay-Prod,BDO-Digital-PROD,SendMoneyImmediate-v2
BDOPay-Prod,BDO-Digital-PROD,SendMoneyScheduledRequest-v2
BDOPay-Prod,BDO-Digital-PROD,SendMoneyScheduled-v2
BDOPay-Prod,BDO-Digital-PROD,QrRequest-v1
BDOPay-Prod,BDO-Digital-PROD,QrTransactions-v1
BDOPay-Prod,BDO-Digital-PROD,SendMoneyInstaPay-v1
BDOPay-Prod,BDO-Digital-PROD,SendMoneyInstaPayTokenized-v1
BDOPay-Prod,BDO-Digital-PROD,SendMoneyInstapay-v2
BDOPay-Prod,BDO-Digital-PROD,SendMoneyInstapayRequest-v2
BDOPay-Prod,BDO-Digital-PROD,ApiBanking-Billers-v2
BDOPay-Prod,BDO-Digital-PROD,BillsPaymentRequestTokenized-v1
BDOPay-Prod,BDO-Digital-PROD,BillsPaymentTransactions-v1
BDOPay-Prod,BDO-Digital-PROD,BillsPaymentTransactionsTokenized-v1
BDOPay-Prod,BDO-Digital-PROD,BillsPaymentRequest-v1
BDOPay-Prod,BDO-Digital-PROD,ApiBanking-Callback-v1
BDOPay-Prod,BDO-Digital-PROD,PrepaidMobileReloadImmediate-v1
BDOPay-Prod,BDO-Digital-PROD,PrepaidMobileReloadRequest-v1
BDOPay-Prod,BDO-Digital-PROD,ApiBanking-LoginFor2FA-v1
BDOPay-Prod,BDO-Digital-PROD,GetDebitCardInfo-V1
BDOPay-Prod,BDO-Digital-PROD,CreditCardAccounts-v4
BDOPay-Prod,BDO-Digital-PROD,ApiBanking-CreditCardAccountsTokenized-v4
BDOPay2-Swiftpass-PROD,BDOPay2-Swiftpass-PROD,CASANotification-SP-V1
BDOPay2-Swiftpass-PROD,BDOPay2-Swiftpass-PROD,CCNotification-SP-V1
BDOPay2-Swiftpass-PROD,BDOPay2-Swiftpass-PROD,CPQRAuthorization-SP-V1
BDOPay2-Swiftpass-PROD,BDOPay2-Swiftpass-PROD,CPQRProcess-Kvm-v1
BDOPay2-Swiftpass-PROD,BDOPay2-Swiftpass-PROD,MPQR-SP-V1
BDOPay2-Swiftpass-PROD,BDOPay2-Swiftpass-PROD,QrRequest-v2
BDOPay2-Swiftpass-PROD,BDOPay2-Swiftpass-PROD,QrTransactions-v2
BDOPay2-Swiftpass-PROD,BDOPay2-Swiftpass-PROD,QrTransactionsVoid-v2
BDOPay2-Swiftpass-PROD,BDOPay2-Swiftpass-PROD,Recipient-QR
BDOPay2-Swiftpass-PROD,BDOPay2-Swiftpass-PROD,StatusEnquiry-SP-V1
BDOPay2-Swiftpass-PROD,BDOPay2-Swiftpass-PROD,VoidAuthorization-SP-V1
BDOPay2-Swiftpass-PROD,BDOPay2-Swiftpass-PROD,VOIDTransaction-MS-V2
BDOPay2-Swiftpass-PROD,BDOPay2-Swiftpass-PROD,SwiftPass-Kvm-v1
BDOPay2-PROD,BDOPay-Rewards,Retail-OneLoyalty-UserOauth-V1
BDOPay2-PROD,BDOPay-Rewards,Retail-OneLoyalty-LinkOut-v1
BDOPay2-PROD,BDOPay-Rewards,Retail-OneLoyalty-RewardsCard-V1
BDOPay2-PROD,BDOPay-Rewards,Retail-OneLoyalty-BRC_NickName-V1
BDOPay2-PROD,BDOPay-Rewards,Retail-OneLoyalty-BRC_Details-V1
BDOPay2-PROD,BDOPay-Rewards,Retail-OneLoyalty-BRC_TransactionHistory-V1
BDOPay2-PROD,BDOPay2-BB-PROD,ApiBanking-DeviceRegistration-v1
BDOPay2-PROD,BDOPay2-BB-PROD,ApiBanking-Login-v1
BDOPay2-PROD,BDOPay2-BB-PROD,ApiBanking-CreditCardAccountsTokenized-v1
BDOPay2-PROD,BDOPay2-BB-PROD,CasaAccounts-v1
BDOPay2-PROD,BDOPay2-BB-PROD,ApiBanking-CreditCardAccountsTokenized-v2
BDOPay2-PROD,BDOPay2-BB-PROD,ApiBanking-Login2FA-v2
BDOPay2-PROD,BDOPay2-BB-PROD,ApiBanking-LoginFor2FA-v1
BDOPay2-PROD,BDOPay2-BB-PROD,ApiBanking-ForgotPassword-v1
BDOPay2-PROD,BDOPay2-BB-PROD,ApiBanking-CasaVerifications-v1
BDOPay2-PROD,BDOPay2-BB-PROD,ApiBanking-CreditCardVerifications-v1
BDOPay2-PROD,BDOPay2-BB-PROD,ApiBanking-Billers-v2
BDOPay2-PROD,BDOPay2-BB-PROD,ApiBanking-UserAttributes-v1
BDOPay2-PROD,BDOPay2-BB-PROD,SendMoneyInstaPay-v1
BDOPay2-PROD,BDOPay2-BB-PROD,QrTransactions-v2
BDOPay2-PROD,BDOPay2-BB-PROD,QrRequest-v2
BDOPay2-PROD,BDOPay2-BB-PROD,SendMoneyImmediate-v2
BDOPay2-PROD,BDOPay2-BB-PROD,SendMoneyBDO
BDOPay2-PROD,BDOPay2-BB-PROD,SendMoneyInstapayRequest-v2
BDOPay2-PROD,BDOPay2-BB-PROD,SendMoneyInstapay-v2
BDOPay2-PROD,BDOPay2-BB-PROD,BillsPaymentTransactions-v1
BDOPay2-PROD,BDOPay2-BB-PROD,BillsPaymentRequest-v1
BDOPay2-PROD,BDOPay2-BB-PROD,CasaAccounts-v2
BDOPay2-PROD,BDOPay2-BB-PROD,ApiBanking-Logout-v1
BDOPay2-PROD,BDOPay2-BB-PROD,ApiBanking-ChangePassword-v1
BDOPay2-PROD,BDOPay2-BB-PROD,ApiBanking-2-Way-SMS-v0
BDOPay2-PROD,BDOPay2-BB-PROD,ApiBanking-Login2FA-v1
BDOPay2-PROD,BDOPay2-BB-PROD,LoanAccounts-v1
BDOPay2-PROD,BDOPay2-BB-PROD,TDAccounts-v1
BDOPay2-PROD,BDOPay2-BB-PROD,PrepaidMobileReloadImmediate-v1
BDOPay2-PROD,BDOPay2-BB-PROD,SendMoneyScheduledRequest-v2
BDOPay2-PROD,BDOPay2-BB-PROD,SendMoneyScheduled-v2
BDOPay2-PROD,BDOPay2-BB-PROD,PrepaidMobileReloadRequest-v1
BDOPay2-PROD,BDOPay2-BB-PROD,ApiBanking-AccountsSignUpCASA-v1
BDOPay2-PROD,BDOPay2-BB-PROD,ApiBanking-AccountsSignUpCreditCard-v1
BDOPay2-PROD,BDOPay2-BB-PROD,ApiBanking-UserRegistrations-v1
BDOPay2-PROD,BDOPay2-BB-PROD,CreditCardAccounts-v1
BDOPay2-PROD,BDOPay2-BB-PROD,commSigBalanceInq-v1
BDOPay2-PROD,BDOPay2-BB-PROD,ApiBanking-AtmQr-v1
BDOPay2-PROD,BDOPay2-BB-PROD,CreditCardAccounts-v2
BDOPay2-PROD,BDOPay2-BB-PROD,SendMoneyScheduled-v2-1
BDOPay2-PROD,BDOPay2-BB-PROD,ApiBanking-CreditCardAccountsTokenized-v4
BDOPay2-PROD,BDOPay2-BB-PROD,CreditCardAccounts-v4
BDOPay2-PROD,BDOPay2-BB-PROD,GetDebitCardInfo-V1
BDOPay2-PROD,BDOPay2-BB-PROD,QrProcessor-v4
BDOPay2-PROD,BDOPay2-BB-PROD,DebitCardSecurityManagement-v1
BDOPay2-PROD,BDOPay2-BB-PROD,CreditCardSecurityManagement-v1
BDOPay2-PROD,BDOPay2-BB-PROD,RefreshTokenImport-v1
BDOPay2-PROD,BDOPay2-BB-PROD,ApiBanking-ChangeEmail-v1
BDOPay2-PROD,BDOPay2-BB-PROD,ApiBanking-ChangeSMS-v1
BDOPay2-PROD,BDOPay2-BB-PROD,BOP-CasaAcounts-v1
BDOPay2-Backbase-PROD,BDOPay2-Backbase-PREPROD,Backbase-Kvm-v1
BDOPay2-Backbase-PROD,BDOPay2-Backbase-PREPROD,CPQRVerification-BB-V1
BDOPay2-Backbase-PROD,BDOPay2-Backbase-PREPROD,TransactionStatusCPQRAndVoid-BB-V1
BDO-Digital-DEV-App,BDO-Digital-PROD1,QrTransactionsVoid-v1
BDO-Digital-DEV-App,BDO-Digital-PROD1,MPQR-SP-V1
BDO-Digital-DEV-App,BDO-Digital-PROD1,CCNotification-SP-V1
BDO-Digital-DEV-App,BDO-Digital-PROD1,CASANotification-SP-V1
BDO-Digital-DEV-App,BDO-Digital-PROD1,StatusEnquiry-SP-V1
BDO-Digital-DEV-App,BDO-Digital-PROD1,VoidAuthorization-SP-V1
BDO-Digital-DEV-App,BDO-Digital-PROD1,QrRequest-v2
BDO-Digital-DEV-App,BDO-Digital-PROD1,QrTransactions-v2
BDO-Digital-DEV-App,BDO-Digital-PROD1,QrTransactionsVoid-v2
BDO-Digital-DEV-App,BDO-Digital-PROD1,VOIDTransaction-MS-V2
BDO-Digital-DEV-App,BDO-Digital-PROD1,CPQRAuthorization-SP-V1
BDO-Digital-DEV-App,BDO-Digital-PROD1,CPQRVerification-BB-V1
BDO-Digital-DEV-App,BDO-Digital-PROD1,TransactionStatusCPQRAndVoid-BB-V1
BDO-Digital-DEV-App,BDO-Digital-PROD1,Platform-logging-V1
BDO-Digital-DEV-App,BDO-Digital-PROD1,ApiBanking-GetUsersByCIF-v1
BDO-Digital-DEV-App,BDO-Digital-PROD1,DigiFI-Login-v2
BDO-Digital-DEV-App,BDO-Digital-PROD1,OAuth2-Token-API
BDO-Digital-DEV-App,BDO-Digital-PROD1,ApiBanking-AuthOTP-v1
BDO-Digital-DEV-App,BDO-Digital-PROD1,Otp-v1
BDO-Digital-DEV-App,BDO-Digital-PROD1,ApiBanking-ForgotUsername-v1
BDO-Digital-DEV-App,BDO-Digital-PROD1,ApiBanking-LoginFor2FA-v1
BDO-Digital-DEV-App,BDO-Digital-PROD1,Logout-v1
BDO-Digital-DEV-App,BDO-Digital-PROD1,CCM-v1-BAPI
BDO-Digital-DEV-App,BDO-Digital-PROD1,SendSMS-v1
BDO-Digital-DEV-App,BDO-Digital-PROD1,ApiBanking-ChangeEmail-v1
BDO-Digital-DEV-App,BDO-Digital-PROD1,ApiBanking-ChangeSMS-v1
BDO-Digital-DEV-App,BDO-Digital-PROD1,ApiBanking-EnrollmentsOthersCasa-v1
BDO-Digital-DEV-App,BDO-Digital-PROD1,GetClientInfo-v2
BDO-Digital-DEV-App,BDO-Digital-PROD1,ApiBanking-Customers-v1
BDO-Digital-DEV-App,BDO-Digital-PROD1,ApiBanking-Customers-v2
BDO-Digital-DEV-App,BDO-Digital-PROD1,DigiFI-Contact-Account-Enrollments-v1
BDO-Digital-DEV-App,BDO-Digital-PROD1,EnrolledAccounts-v0
BDO-Digital-DEV-App,BDO-Digital-PROD1,FinTech-TokenAppDetails-Private
BDO-Digital-DEV-App,BDO-Digital-PROD1,CreditCardAccounts-v2
BDO-Digital-DEV-App,BDO-Digital-PROD1,SendMoneyScheduled-v2-1
BDO-Digital-DEV-App,BDO-Digital-PROD1,SendMoneyEmail-v1
BDO-Digital-DEV-App,BDO-Digital-PROD1,Recipient-QR
BDO-Digital-DEV-App,BDO-Digital-PROD1,Billers-v1
BDO-Digital-DEV-App,BDO-Digital-PROD1,Internal-Remittance-API-v1
BDO-Digital-DEV-App,BDO-Digital-PROD1,commSigBalanceInq-v1
BDO-Digital-DEV-App,BDO-Digital-PROD1,BillsPaymentTransactionsTokenized-v1
BDO-Digital-DEV-App,BDO-Digital-PROD,ApiBanking-Login-v1
BDO-Digital-DEV-App,BDO-Digital-PROD,ApiBanking-DeviceRegistration-v1
BDO-Digital-DEV-App,BDO-Digital-PROD,ApiBanking-2-Way-SMS-v0
BDO-Digital-DEV-App,BDO-Digital-PROD,ApiBanking-ForgotPassword-v1
BDO-Digital-DEV-App,BDO-Digital-PROD,ApiBanking-ChangePassword-v1
BDO-Digital-DEV-App,BDO-Digital-PROD,ApiBanking-Login2FA-v1
BDO-Digital-DEV-App,BDO-Digital-PROD,ApiBanking-UserAttributes-v1
BDO-Digital-DEV-App,BDO-Digital-PROD,ApiBanking-Logout-v1
BDO-Digital-DEV-App,BDO-Digital-PROD,ApiBanking-UserRegistrations-v1
BDO-Digital-DEV-App,BDO-Digital-PROD,TDAccounts-v1
BDO-Digital-DEV-App,BDO-Digital-PROD,ApiBanking-AccountsSignUpCASA-v1
BDO-Digital-DEV-App,BDO-Digital-PROD,ApiBanking-CasaVerifications-v1
BDO-Digital-DEV-App,BDO-Digital-PROD,CasaAccounts-v2
BDO-Digital-DEV-App,BDO-Digital-PROD,CasaAccounts-v1
BDO-Digital-DEV-App,BDO-Digital-PROD,ApiBanking-CreditCardAccountsTokenized-v1
BDO-Digital-DEV-App,BDO-Digital-PROD,LoanAccounts-v1
BDO-Digital-DEV-App,BDO-Digital-PROD,TimeDepositAccounts-v1
BDO-Digital-DEV-App,BDO-Digital-PROD,CasaAccountsTokenized-v1
BDO-Digital-DEV-App,BDO-Digital-PROD,ApiBanking-AccountsSignUpCreditCard-v1
BDO-Digital-DEV-App,BDO-Digital-PROD,ApiBanking-CreditCardVerifications-v1
BDO-Digital-DEV-App,BDO-Digital-PROD,ApiBanking-CreditCardAccountsTokenized-v2
BDO-Digital-DEV-App,BDO-Digital-PROD,CreditCardAccounts-v1
BDO-Digital-DEV-App,BDO-Digital-PROD,CreditCardAccountsTokenized-v1
BDO-Digital-DEV-App,BDO-Digital-PROD,SendMoneyImmediateRequestTokenized-v1
BDO-Digital-DEV-App,BDO-Digital-PROD,SendMoneyImmediateTransactionsTokenized-v1
BDO-Digital-DEV-App,BDO-Digital-PROD,SendMoneyBDO
BDO-Digital-DEV-App,BDO-Digital-PROD,SendMoneyImmediate-v2
BDO-Digital-DEV-App,BDO-Digital-PROD,SendMoneyScheduledRequest-v2
BDO-Digital-DEV-App,BDO-Digital-PROD,SendMoneyScheduled-v2
BDO-Digital-DEV-App,BDO-Digital-PROD,QrRequest-v1
BDO-Digital-DEV-App,BDO-Digital-PROD,QrTransactions-v1
BDO-Digital-DEV-App,BDO-Digital-PROD,SendMoneyInstaPay-v1
BDO-Digital-DEV-App,BDO-Digital-PROD,SendMoneyInstaPayTokenized-v1
BDO-Digital-DEV-App,BDO-Digital-PROD,SendMoneyInstapay-v2
BDO-Digital-DEV-App,BDO-Digital-PROD,SendMoneyInstapayRequest-v2
BDO-Digital-DEV-App,BDO-Digital-PROD,ApiBanking-Billers-v2
BDO-Digital-DEV-App,BDO-Digital-PROD,BillsPaymentRequestTokenized-v1
BDO-Digital-DEV-App,BDO-Digital-PROD,BillsPaymentTransactions-v1
BDO-Digital-DEV-App,BDO-Digital-PROD,BillsPaymentTransactionsTokenized-v1
BDO-Digital-DEV-App,BDO-Digital-PROD,BillsPaymentRequest-v1
BDO-Digital-DEV-App,BDO-Digital-PROD,ApiBanking-Callback-v1
BDO-Digital-DEV-App,BDO-Digital-PROD,PrepaidMobileReloadImmediate-v1
BDO-Digital-DEV-App,BDO-Digital-PROD,PrepaidMobileReloadRequest-v1
BDO-Digital-DEV-App,BDO-Digital-PROD,ApiBanking-LoginFor2FA-v1
BDO-Digital-DEV-App,BDO-Digital-PROD,GetDebitCardInfo-V1
BDO-Digital-DEV-App,BDO-Digital-PROD,CreditCardAccounts-v4
BDO-Digital-DEV-App,BDO-Digital-PROD,ApiBanking-CreditCardAccountsTokenized-v4
BDO Pay POS,BDOPay2-Swiftpass-PREPROD,CASANotification-SP-V1
BDO Pay POS,BDOPay2-Swiftpass-PREPROD,CCNotification-SP-V1
BDO Pay POS,BDOPay2-Swiftpass-PREPROD,CPQRAuthorization-SP-V1
BDO Pay POS,BDOPay2-Swiftpass-PREPROD,CPQRProcess-Kvm-v1
BDO Pay POS,BDOPay2-Swiftpass-PREPROD,MPQR-SP-V1
BDO Pay POS,BDOPay2-Swiftpass-PREPROD,QrRequest-v2
BDO Pay POS,BDOPay2-Swiftpass-PREPROD,QrTransactions-v2
BDO Pay POS,BDOPay2-Swiftpass-PREPROD,QrTransactionsVoid-v2
BDO Pay POS,BDOPay2-Swiftpass-PREPROD,Recipient-QR
BDO Pay POS,BDOPay2-Swiftpass-PREPROD,StatusEnquiry-SP-V1
BDO Pay POS,BDOPay2-Swiftpass-PREPROD,VoidAuthorization-SP-V1
BDO Pay POS,BDOPay2-Swiftpass-PREPROD,VOIDTransaction-MS-V2
BDO Pay POS,BDOPay2-Swiftpass-PREPROD,SwiftPass-Kvm-v1
BDO Pay POS,RecipientQR-v1-PREPROD,Recipient-QR
Backbase-NDB-WEB-App,BDOPay2-BB-PREPROD,ApiBanking-DeviceRegistration-v1
Backbase-NDB-WEB-App,BDOPay2-BB-PREPROD,ApiBanking-Login-v1
Backbase-NDB-WEB-App,BDOPay2-BB-PREPROD,ApiBanking-CreditCardAccountsTokenized-v1
Backbase-NDB-WEB-App,BDOPay2-BB-PREPROD,CasaAccounts-v1
Backbase-NDB-WEB-App,BDOPay2-BB-PREPROD,ApiBanking-CreditCardAccountsTokenized-v2
Backbase-NDB-WEB-App,BDOPay2-BB-PREPROD,ApiBanking-Login2FA-v2
Backbase-NDB-WEB-App,BDOPay2-BB-PREPROD,ApiBanking-LoginFor2FA-v1
Backbase-NDB-WEB-App,BDOPay2-BB-PREPROD,ApiBanking-ForgotPassword-v1
Backbase-NDB-WEB-App,BDOPay2-BB-PREPROD,ApiBanking-CasaVerifications-v1
Backbase-NDB-WEB-App,BDOPay2-BB-PREPROD,ApiBanking-CreditCardVerifications-v1
Backbase-NDB-WEB-App,BDOPay2-BB-PREPROD,ApiBanking-Billers-v2
Backbase-NDB-WEB-App,BDOPay2-BB-PREPROD,ApiBanking-UserAttributes-v1
Backbase-NDB-WEB-App,BDOPay2-BB-PREPROD,SendMoneyInstaPay-v1
Backbase-NDB-WEB-App,BDOPay2-BB-PREPROD,QrTransactions-v2
Backbase-NDB-WEB-App,BDOPay2-BB-PREPROD,QrRequest-v2
Backbase-NDB-WEB-App,BDOPay2-BB-PREPROD,SendMoneyImmediate-v2
Backbase-NDB-WEB-App,BDOPay2-BB-PREPROD,SendMoneyBDO
Backbase-NDB-WEB-App,BDOPay2-BB-PREPROD,SendMoneyInstapayRequest-v2
Backbase-NDB-WEB-App,BDOPay2-BB-PREPROD,SendMoneyInstapay-v2
Backbase-NDB-WEB-App,BDOPay2-BB-PREPROD,BillsPaymentTransactions-v1
Backbase-NDB-WEB-App,BDOPay2-BB-PREPROD,BillsPaymentRequest-v1
Backbase-NDB-WEB-App,BDOPay2-BB-PREPROD,CasaAccounts-v2
Backbase-NDB-WEB-App,BDOPay2-BB-PREPROD,ApiBanking-Logout-v1
Backbase-NDB-WEB-App,BDOPay2-BB-PREPROD,ApiBanking-ChangePassword-v1
Backbase-NDB-WEB-App,BDOPay2-BB-PREPROD,ApiBanking-2-Way-SMS-v0
Backbase-NDB-WEB-App,BDOPay2-BB-PREPROD,ApiBanking-Login2FA-v1
Backbase-NDB-WEB-App,BDOPay2-BB-PREPROD,LoanAccounts-v1
Backbase-NDB-WEB-App,BDOPay2-BB-PREPROD,TDAccounts-v1
Backbase-NDB-WEB-App,BDOPay2-BB-PREPROD,PrepaidMobileReloadImmediate-v1
Backbase-NDB-WEB-App,BDOPay2-BB-PREPROD,SendMoneyScheduledRequest-v2
Backbase-NDB-WEB-App,BDOPay2-BB-PREPROD,SendMoneyScheduled-v2
Backbase-NDB-WEB-App,BDOPay2-BB-PREPROD,PrepaidMobileReloadRequest-v1
Backbase-NDB-WEB-App,BDOPay2-BB-PREPROD,ApiBanking-AccountsSignUpCASA-v1
Backbase-NDB-WEB-App,BDOPay2-BB-PREPROD,ApiBanking-AccountsSignUpCreditCard-v1
Backbase-NDB-WEB-App,BDOPay2-BB-PREPROD,ApiBanking-UserRegistrations-v1
Backbase-NDB-WEB-App,BDOPay2-BB-PREPROD,CreditCardAccounts-v1
Backbase-NDB-WEB-App,BDOPay2-BB-PREPROD,commSigBalanceInq-v1
Backbase-NDB-WEB-App,BDOPay2-BB-PREPROD,ApiBanking-AtmQr-v1
Backbase-NDB-WEB-App,BDOPay2-BB-PREPROD,CreditCardAccounts-v2
Backbase-NDB-WEB-App,BDOPay2-BB-PREPROD,SendMoneyScheduled-v2-1
Backbase-NDB-WEB-App,BDOPay2-BB-PREPROD,ApiBanking-CreditCardAccountsTokenized-v4
Backbase-NDB-WEB-App,BDOPay2-BB-PREPROD,CreditCardAccounts-v4
Backbase-NDB-WEB-App,BDOPay2-BB-PREPROD,GetDebitCardInfo-V1
Backbase-NDB-WEB-App,BDOPay2-BB-PREPROD,QrProcessor-v4
Backbase-NDB-WEB-App,BDOPay2-BB-PREPROD,DebitCardSecurityManagement-v1
Backbase-NDB-WEB-App,BDOPay2-BB-PREPROD,CreditCardSecurityManagement-v1
Backbase-NDB-WEB-App,BDOPay2-BB-PREPROD,ApiBanking-ChangeEmail-v1
Backbase-NDB-WEB-App,BDOPay2-BB-PREPROD,ApiBanking-ChangeSMS-v1
Corporate-dummy-App,CMS-ePayments-Corporate-Merchant-Product,Corporate-CMS_ePayments-Authorize_Redirect-V1
Corporate-dummy-App,CMS-ePayments-Corporate-Merchant-Product,Corporate-CMS_ePayments-Get_App_Attributes-V1
Corporate-dummy-App,CMS-ePayments-Corporate-Merchant-Product,CBG-CJ_CC-ApiBanking_Login-V1
Corporate-dummy-App,CMS-ePayments-Corporate-Merchant-Product,TBG-CMSEpayment-Microsite-CMS_BillPaymentInquiry-V1
CNR-CMS-PAPI-App,CNR-CMS-Product,TBG-CMS_Mobile-CMS_BillPayment-V1
CNR-CMS-PAPI-App,CNR-CMS-Product,CBG-CJ_CC-ApiBanking_Login-V1
CJ-Biometrics-WCM-App,BioMetrics-WCM-CIAM,CBG-CJ_CC-ApiBanking_Login-V1
CJ-Biometrics-WCM-App,BioMetrics-WCM-CIAM,CIAM-WCM-Biometrics-v2
Telephony-External,Telephony API-PROD,telephony_creditcards_rewards
Telephony-External,Telephony API-PROD,Telephony_Cash_Card-V1
Telephony-External,Telephony API-PROD,CBG-CJ_CC-ApiBanking_Login-V1
Platform-App,Platform-Product,Platfrom-Ext-Pre-Prod-1-Proxy-v1
Platform-App,Platform-Product,Platfrom-Ext-Pre-Prod-2-Proxy-v1
Platform-App,Platform-Product,Platfrom-Ext-Prod-1-Proxy-v1
Platform-App,Platform-Product,Platfrom-Ext-Prod-2-Proxy-v1
Platform-App,Platform-Product,Platfrom-Ext-Prod-3-Proxy-v1
Platform-App,Platform-Product,Platfrom-Ext-Prod-4-Proxy-v1
Platform-App,Platform-Product,Platfrom-Ext-Prod-brs-Proxy-v1
Platform-App,Platform-Product,Platfrom-Ext-Prod-hybrid-1-Proxy-v1
ICCS-Clearence-App,ICCS-Evolution-preprod,Signature-Customer-Position-V1
ICCS-Clearence-App,ICCS-Evolution-preprod,Signature-PaymentOrder-GL-FT-V1
ICCS-Clearence-App,ICCS-Evolution-preprod,CBG-CJ_CC-ApiBanking_Login-V1
ICCS-Clearence-App,ICCS-Evolution-preprod,Signature-Customer-Position-V1-NB
ICCS-Clearence-App,ICCS-Evolution-preprod,Signature-Customer-Position-V1-PB
ICCS-Clearence-App,ICCS-Evolution-preprod,Signature-PaymentOrder-GL-FT-V1-NB
ICCS-Clearence-App,ICCS-Evolution-preprod,Signature-PaymentOrder-GL-FT-V1-PB
ICCS-Clearence-App,ICCS-Evolution-preprod,Signature-CurrentAccount-V1
SwiftPass-eSMS-CCM,CCM-SMS-v1,ITG-CCM-Phase_2-V1
SwiftPass-eSMS-CCM,ApiBanking-Login-v1,CBG-CJ_CC-ApiBanking_Login-V1
Swiftpass-CCM-BDOPay2.0,CCM-UNIFIED-v1,ITG-CCM-Phase_2-V1
Swiftpass-CCM-BDOPay2.0,ApiBanking-Login-v1,CBG-CJ_CC-ApiBanking_Login-V1
CRM-CCM-App,CCM-SMS-v1,ITG-CCM-Phase_2-V1
CRM-CCM-App,CCM-UNIFIED-v1,ITG-CCM-Phase_2-V1
CRM-CCM-App,CCM-Email-v1,ITG-CCM-Phase_2-V1
CRM-CCM-App,ApiBanking-Login-v1,CBG-CJ_CC-ApiBanking_Login-V1
MDM-External,BioMetrics-WCM-CIAM,CBG-CJ_CC-ApiBanking_Login-V1
MDM-External,BioMetrics-WCM-CIAM,CIAM-WCM-Biometrics-v2
MDM-External,MDM,Retail-MDM-Get_Customer_Info-V1
MDM-External,MDM,Platform-Oauth-V1
MDM-External,MDM,Common-ApiBanking_AuthToken-V2
MDM-External,MDM,ApiBanking-Login2FA-v1
MDM-External,MDM,Enterprise-EvoNative-PartyReferenceCustomerProfile-V1
CorpWeb-App,CCM-UNIFIED-v1,ITG-CCM-Phase_2-V1
CorpWeb-App,CorpWeb,CBG-CJ_CC-ApiBanking_Login-V1
CorpWeb-App,CorpWeb,Corporate-BOP_Forms-v1
BRS-Replacement,BRS-Replacement-Product,Retail-BRS_R-Create_Transaction-V1
BRS-Replacement,BRS-Replacement-Product,Retail-BRS_R-Create_Transaction-V2
BRS-Replacement,BRS-Replacement-Product,Retail-BRS_R-Create_Transaction-V3
BRS-Replacement,BRS-Replacement-Product,Retail-BRS_R-GetVostrobalance-V1
BRS-Replacement,BRS-Replacement-Product,CBG-CJ_CC-ApiBanking_Login-V1
BRS-Replacement,BRS-Replacement-Product,Retail-BRS_R-SM_RTSWebService-V1
BRS-Replacement,BRS-Replacement-Product,Retail-BRS_R-InquireRemittance-V1
BRS-Replacement,BRS-Replacement-Product,Retail-BRS_R-GetCashPickup-V1
CCS-Security,CCM-SMS-v1,ITG-CCM-Phase_2-V1
CCS-Security,CCM-Email-v1,ITG-CCM-Phase_2-V1
CCS-Security,CCS-Security,CBG-CJ_CC-ApiBanking_Login-V1
CCS-Security,CCS-Security,Corporate-Website-OTP-v1
Avaloq-App-Hybrid,Avaloq-Product-Hybrid,Hybrid-CRM-CustomerInformation-v1
Avaloq-App-Hybrid,Avaloq-Product-Hybrid,Hybrid-Avaloq-CashTransactionsInquiry-V1
Avaloq-App-Hybrid,Avaloq-Product-Hybrid,Hybrid-CRM-AccountBalance-V1
Avaloq-App-Hybrid,Avaloq-Product-Hybrid,Hybrid-CRM-AccountTransactions-V1
Avaloq-App-Hybrid,Avaloq-Product-Hybrid,Hybrid-Avaloq-ExecuteFinacleScript-V1
Avaloq-App-Hybrid,Avaloq-Product-Hybrid,Hybrid-KVM-CRM-credentials-V1
Avaloq-App-Hybrid,Avaloq-Product-Hybrid,Hybrid-Avaloq-CashSettlement-V1
Avaloq-App-Hybrid,Avaloq-Product-Hybrid,Hybrid-ApiBanking-Login-v1
Avaloq-App-Hybrid,Avaloq-Product-Hybrid,Hybrid-Avaloq-BalanceInquiry-V1
Avaloq-App-Hybrid,CCM-SMS-v1,ITG-CCM-Phase_2-V1
Avaloq-App-Hybrid,CCM-UNIFIED-v1,ITG-CCM-Phase_2-V1
Avaloq-App-Hybrid,CCM-Email-v1,ITG-CCM-Phase_2-V1
Avaloq-App-Hybrid,ApiBanking-Login-v1,CBG-CJ_CC-ApiBanking_Login-V1
CreditLens-Prestg1-App,CRIS-Product,CBG-CJ_CC-ApiBanking_Login-V1
CreditLens-Prestg1-App,CRIS-Product,Enterprise-CreditLens-Credit_Investigation-V1
CreditLens-Prestg1-App,IBG-Mediation-Product,CBG-CJ_CC-ApiBanking_Login-V1
CreditLens-Prestg1-App,IBG-Mediation-Product,Enterprise-IBG_Mediation-Loan_Approval_Notification-V1
CreditLens-Prestg1-App,CRAS-Product,CBG-CJ_CC-ApiBanking_Login-V1
CreditLens-Prestg1-App,CRAS-Product,Enterprise-CreditLens-Credit_Appraisal_System-V1
ICCS-App-Hybrid,ICCS-Product-Hybrid,Hybrid-ApiBanking-Login-v1
ICCS-App-Hybrid,ICCS-Product-Hybrid,Hybrid-CRM-AccountInformation-v1
KVM-Update-APP,KVM-operations,Platform-Manage-Kvms-V1
CJ Enterprise Onboarding - D365,CCM-SMS-v1,ITG-CCM-Phase_2-V1
CJ Enterprise Onboarding - D365,CCM-UNIFIED-v1,ITG-CCM-Phase_2-V1
CJ Enterprise Onboarding - D365,CCM-Email-v1,ITG-CCM-Phase_2-V1
CJ Enterprise Onboarding - D365,CCM-Viber-v1,ITG-CCM-Phase_2-V1
CJ Enterprise Onboarding - D365,Enterprise_Onboarding 1.6 APIs,CBG-CJ_CC-ApiBanking_Login-V1
CJ Enterprise Onboarding - D365,Enterprise_Onboarding 1.6 APIs,ApiBanking-UserRegistrations-v1
CJ Enterprise Onboarding - D365,Enterprise_Onboarding 1.6 APIs,TBG-CMSEpayment-Microsite-ApiBanking_Login2FA-V1
CJ Enterprise Onboarding - D365,Enterprise_Onboarding 1.6 APIs,COG-CJ_CASA-Zoloz-V1
CJ Enterprise Onboarding - D365,Enterprise_Onboarding 1.6 APIs,CBG-CJ_CC-NLDS_API-V1
CJ Enterprise Onboarding - D365,Enterprise_Onboarding 1.6 APIs,ApiBanking-UserAttributes-v1
CJ Enterprise Onboarding - D365,Enterprise_Onboarding 1.6 APIs,ApiBanking-AuthOTP-V2
CRM-App,CCM-UNIFIED-v1,ITG-CCM-Phase_2-V1
CRM-App,Telephony API-PROD,telephony_creditcards_rewards
CRM-App,Telephony API-PROD,Telephony_Cash_Card-V1
CRM-App,Telephony API-PROD,CBG-CJ_CC-ApiBanking_Login-V1
CRM-App,MDM,Retail-MDM-Get_Customer_Info-V1
CRM-App,MDM,Platform-Oauth-V1
CRM-App,MDM,Common-ApiBanking_AuthToken-V2
CRM-App,MDM,ApiBanking-Login2FA-v1
CRM-App,MDM,Enterprise-EvoNative-PartyReferenceCustomerProfile-V1
CRM-App,CRM-Product,CBG-CJ_CC-OPICS_KYCFields-V1
CRM-App,CRM-Product,CBG-CJ_CC-ApiBanking_Login-V1
CRM-App,CRM-Product,COG-CRM_CC-CreditCardAccountBalance-V1
CRM-App,CRM-Product,COG-CRM_CC-CreditCardBilledTransactions-V1
CRM-App,CRM-Product,COG-CRM_CC-CASHCARD_ClientInquiry-V1
CRM-App,CRM-Product,COG-CRM_CC-CashCardAccountTransactions-V1
CRM-App,CRM-Product,COG-CRM_CC-CashCardDetails-V1
CRM-App,CRM-Product,COG-CRM_CC-AccountInformation-V1
CRM-App,CRM-Product,COG-CRM_CC-OPICS_CASATransactions-V1
CRM-App,CRM-Product,COG-CRM_CC-CustomerAccountList-V1
CRM-App,CRM-Product,COG-CRM_CC-RewardsCardBalance-V1
CRM-App,CRM-Product,COG-CRM_CC-DCSS_DebitCardBlock-V1
CRM-App,CRM-Product,COG-CRM_CC-IST_DebitCardBlocking-V1
CRM-App,CRM-Product,COG-CRM_CC-EMBS_SendSOAEmail-V1
CRM-App,CRM-Product,COG-CRM_CC-OPICS_CASABalance-V1
HealthCheck,Target_Server_Health_Check_Product,Platform-Target_Server_Health_Check_Prod_Ext-V1
HealthCheck,Target_Server_Health_Check_Product,Platform-Target_Server_Health_Check_Prod_Ext-V2
HealthCheck,Target_Server_Health_Check_Product,Platform-Target_Server_Health_Check-V1
CCM-v1,CCM-SMS-v1,ITG-CCM-Phase_2-V1
CCM-v1,CCM-UNIFIED-v1,ITG-CCM-Phase_2-V1
CCM-v1,CCM-Email-v1,ITG-CCM-Phase_2-V1
CCM-v1,CCM-Viber-v1,ITG-CCM-Phase_2-V1
CCM-v1,ApiBanking-Login-v1,CBG-CJ_CC-ApiBanking_Login-V1
ACS-apps,ACS-Product,CBG-ACS-OAuth-V1
ACS-apps,ACS-Product,CBG-ACS-SendOTPSMS-V1
ACS-apps,ACS-Product,ACS-SmsStatus
CASA-App,CASA-Product,CBG-CJ_CC-ApiBanking_Login-V1
CASA-App,CASA-Product,COG-CJ_CASA-T4S-V1
CASA-App,CASA-Product,COG-CJ_CASA-Zoloz-V1
CASA-App,CASA-Product,CBG-CJ_CC-NLDS_API-V1
CASA-App,CASA-Product,COG-CJ_CASA-Communicator_Gateway-V1
CC-APP,CC-Product,CBG-CJ_CC-ApiBanking_AuthOTP-V1
CC-APP,CC-Product,CBG-CJ_CC-D365_StatusUpdate-V1
CC-APP,CC-Product,CBG-CJ_CC-OPICS_KYCFields-V1
CC-APP,CC-Product,CBG-CJ_CC-AQM_ApplicationDocument-V1
CC-APP,CC-Product,CBG-CJ_CC-AQM_Authentication-V1
CC-APP,CC-Product,CBG-CJ_CC-AQM_CreditReport-V1
CC-APP,CC-Product,CBG-CJ_CC-AQM_SaveApplication-V1
CC-APP,CC-Product,CBG-CJ_CC-AQM_SearchApplication-V1
CC-APP,CC-Product,CBG-CJ_CC-ApiBanking_Login-V1
CC-APP,CC-Product,CBG-CJ_CC-AQM_RequestCreditReport-V1
CC-APP,CRM-Product,CBG-CJ_CC-OPICS_KYCFields-V1
CC-APP,CRM-Product,CBG-CJ_CC-ApiBanking_Login-V1
CC-APP,CRM-Product,COG-CRM_CC-CreditCardAccountBalance-V1
CC-APP,CRM-Product,COG-CRM_CC-CreditCardBilledTransactions-V1
CC-APP,CRM-Product,COG-CRM_CC-CASHCARD_ClientInquiry-V1
CC-APP,CRM-Product,COG-CRM_CC-CashCardAccountTransactions-V1
CC-APP,CRM-Product,COG-CRM_CC-CashCardDetails-V1
CC-APP,CRM-Product,COG-CRM_CC-AccountInformation-V1
CC-APP,CRM-Product,COG-CRM_CC-OPICS_CASATransactions-V1
CC-APP,CRM-Product,COG-CRM_CC-CustomerAccountList-V1
CC-APP,CRM-Product,COG-CRM_CC-RewardsCardBalance-V1
CC-APP,CRM-Product,COG-CRM_CC-DCSS_DebitCardBlock-V1
CC-APP,CRM-Product,COG-CRM_CC-IST_DebitCardBlocking-V1
CC-APP,CRM-Product,COG-CRM_CC-EMBS_SendSOAEmail-V1
CC-APP,CRM-Product,COG-CRM_CC-OPICS_CASABalance-V1
CJ-APP-TRANSUNION,CJ-PRODUCT-TRANSUNION,CBG-CJ_CC-D365_StatusUpdate-V1
CJ-APP-TRANSUNION,CJ-PRODUCT-TRANSUNION,CBG-CJ_CC-ApiBanking_Login-V1
