App Name,API Product,Environments,API Proxy
CIAM,EvolutionNative-BAPI-PROD,"int-prod-1,int-prod-2,int-prod-3,int-prod-4",TBG-CMSEpayment-Microsite-ApiBanking_Login-V1
CIAM,EvolutionNative-BAPI-PROD,"int-prod-1,int-prod-2,int-prod-3,int-prod-4",Enterprise-EvoNative-PartyReferenceCustomerProfile-V1
GExchange-App,TBG-CNR-CMS-Microsite-BillsInquiry,int-prod-1,TBG-CMSEpayment-Microsite-CMS_BillPaymentInquiry-V1
GExchange-App,TBG-CNR-CMS-Microsite-BillsInquiry,int-prod-1,TBG-CMSEpayment-Microsite-ApiBanking_Login-V1
Evolution-ATMQRBiometrics,BDO-Evolution-Product,int-prod-1,BBG-Evolution-BDO_Evolution-V1
Evolution-ATMQRBiometrics,BDO-Evolution-Product,int-prod-1,Evolution-hoststatus
TOP,ApiBanking-Login-CIAM-v1,"int-prod-1,int-prod-2,int-prod-3,int-prod-4",TBG-CMSEpayment-Microsite-ApiBanking_Login-V1
TOP,ApiBanking-Login-CIAM-v1,"int-prod-1,int-prod-2,int-prod-3,int-prod-4",ApiBanking-Login2FA-v1
TOP,ApiBanking-Login-CIAM-v1,"int-prod-1,int-prod-2,int-prod-3,int-prod-4",ApiBanking-UserAttributes-v1
TOP,ApiBanking-Login-CIAM-v1,"int-prod-1,int-prod-2,int-prod-3,int-prod-4",ApiBanking-ForgotPassword-v1
CMS-ePayments-UST-App,CMS-ePayments-Merchant-Product,int-prod-1,TBG-CMSEpayment-Microsite-ApiBanking_Authorize-V1
CMS-ePayments-UST-App,CMS-ePayments-Merchant-Product,int-prod-1,TBG-CMSEpayment-Microsite-CMS_BillPaymentInquiry-V1
CMS-ePayments-UST-App,CMS-ePayments-Merchant-Product,int-prod-1,CMS-DataValidate-v1
CMS-ePayments-UST-App,CMS-ePayments-Merchant-Product,int-prod-1,TBG-CMSEpayment-Microsite-ApiBanking_Login-V1
Evolution-BDOSecurities,BDO-Evolution-Product,int-prod-1,BBG-Evolution-BDO_Evolution-V1
Evolution-BDOSecurities,BDO-Evolution-Product,int-prod-1,Evolution-hoststatus
PPAY,API-Banking-v1,"int-prod-1,int-prod-2,int-prod-3,int-prod-4",Billers-v1
PPAY,API-Banking-v1,"int-prod-1,int-prod-2,int-prod-3,int-prod-4",BillsPaymentTransactions-v1
PPAY,API-Banking-v1,"int-prod-1,int-prod-2,int-prod-3,int-prod-4",SendSMS-v1
PPAY,API-Banking-v1,"int-prod-1,int-prod-2,int-prod-3,int-prod-4",SendMoneyEmail-v1
PPAY,API-Banking-v1,"int-prod-1,int-prod-2,int-prod-3,int-prod-4",Otp-v1
PPAY,API-Banking-v1,"int-prod-1,int-prod-2,int-prod-3,int-prod-4",Logout-v1
PPAY,API-Banking-v1,"int-prod-1,int-prod-2,int-prod-3,int-prod-4",FinTech-TokenAppDetails-Private
PPAY,API-Banking-v1,"int-prod-1,int-prod-2,int-prod-3,int-prod-4",DigiFI-Login-v2
PPAY,API-Banking-v1,"int-prod-1,int-prod-2,int-prod-3,int-prod-4",GetClientInfo-v2
PPAY,FinTech-Internal-v1,"int-prod-1,int-prod-2,int-prod-3,int-prod-4",FinTech-AddLink-Internal
PPAY,FinTech-Internal-v1,"int-prod-1,int-prod-2,int-prod-3,int-prod-4",FinTech-Authorize-Internal
PPAY,FinTech-Internal-v1,"int-prod-1,int-prod-2,int-prod-3,int-prod-4",FinTech-LinkedAccounts-Internal
PPAY,FinTech-Internal-v1,"int-prod-1,int-prod-2,int-prod-3,int-prod-4",FinTech-Passthroughs-Internal
PPAY,FinTech-Internal-v1,"int-prod-1,int-prod-2,int-prod-3,int-prod-4",FinTech-RefreshToken-Internal
PPAY,FinTech-Internal-v1,"int-prod-1,int-prod-2,int-prod-3,int-prod-4",FinTech-SingleSession-Internal
PPAY,FinTech-Internal-v1,"int-prod-1,int-prod-2,int-prod-3,int-prod-4",Fintech-TermsAndConditions_PrivatePolicy-Internal
LazadaAlipay,FinTech-DirectLink-v1,"int-prod-1,int-prod-2,int-prod-3,int-prod-4",FinTech-Authorize
LazadaAlipay,FinTech-DirectLink-v1,"int-prod-1,int-prod-2,int-prod-3,int-prod-4",FinTech-LinkedAccounts
LazadaAlipay,FinTech-DirectLink-v1,"int-prod-1,int-prod-2,int-prod-3,int-prod-4",FinTech-Payment
LazadaAlipay,FinTech-DirectLink-v1,"int-prod-1,int-prod-2,int-prod-3,int-prod-4",FinTech-PaymentInitiate
LazadaAlipay,FinTech-DirectLink-v1,"int-prod-1,int-prod-2,int-prod-3,int-prod-4",FinTech-PaymentStatus
LazadaAlipay,FinTech-DirectLink-v1,"int-prod-1,int-prod-2,int-prod-3,int-prod-4",FinTech-ResendOTP
LazadaAlipay,FinTech-DirectLink-v1,"int-prod-1,int-prod-2,int-prod-3,int-prod-4",FinTech-Token
LazadaAlipay,FinTech-DirectLink-v1,"int-prod-1,int-prod-2,int-prod-3,int-prod-4",FinTech-Unlinking
LazadaAlipay,FinTech-DirectLink-v1,"int-prod-1,int-prod-2,int-prod-3,int-prod-4",FinTech-ValidateOTP
Grab-Direct-Debit,FinTech-DirectLink-v1,"int-prod-1,int-prod-2,int-prod-3,int-prod-4",FinTech-Authorize
Grab-Direct-Debit,FinTech-DirectLink-v1,"int-prod-1,int-prod-2,int-prod-3,int-prod-4",FinTech-LinkedAccounts
Grab-Direct-Debit,FinTech-DirectLink-v1,"int-prod-1,int-prod-2,int-prod-3,int-prod-4",FinTech-Payment
Grab-Direct-Debit,FinTech-DirectLink-v1,"int-prod-1,int-prod-2,int-prod-3,int-prod-4",FinTech-PaymentInitiate
Grab-Direct-Debit,FinTech-DirectLink-v1,"int-prod-1,int-prod-2,int-prod-3,int-prod-4",FinTech-PaymentStatus
Grab-Direct-Debit,FinTech-DirectLink-v1,"int-prod-1,int-prod-2,int-prod-3,int-prod-4",FinTech-ResendOTP
Grab-Direct-Debit,FinTech-DirectLink-v1,"int-prod-1,int-prod-2,int-prod-3,int-prod-4",FinTech-Token
Grab-Direct-Debit,FinTech-DirectLink-v1,"int-prod-1,int-prod-2,int-prod-3,int-prod-4",FinTech-Unlinking
Grab-Direct-Debit,FinTech-DirectLink-v1,"int-prod-1,int-prod-2,int-prod-3,int-prod-4",FinTech-ValidateOTP
BDO-Pay-POS,BDOPay2-Swiftpass-PROD,"int-prod-1,int-prod-2,int-prod-3,int-prod-4",MPQR-SP-V1
BDO-Pay-POS,BDOPay2-Swiftpass-PROD,"int-prod-1,int-prod-2,int-prod-3,int-prod-4",StatusEnquiry-SP-V1
BDO-Pay-POS,BDOPay2-Swiftpass-PROD,"int-prod-1,int-prod-2,int-prod-3,int-prod-4",VOIDTransaction-MS-V2
BDO-Pay-POS,BDOPay2-Swiftpass-PROD,"int-prod-1,int-prod-2,int-prod-3,int-prod-4",CPQRAuthorization-SP-V1
BDO-Pay-POS,BDOPay2-Swiftpass-PROD,"int-prod-1,int-prod-2,int-prod-3,int-prod-4",CCNotification-SP-V1
BDO-Pay-POS,BDOPay2-Swiftpass-PROD,"int-prod-1,int-prod-2,int-prod-3,int-prod-4",VoidAuthorization-SP-V1
BDO-Pay-POS,BDOPay2-Swiftpass-PROD,"int-prod-1,int-prod-2,int-prod-3,int-prod-4",CASANotification-SP-V1
BDO-Pay-POS,BDOPay2-Swiftpass-PROD,"int-prod-1,int-prod-2,int-prod-3,int-prod-4",QrProcessor-v4
PHQR-Keys,Merchant-Presented-QR-v1,"int-prod-1,int-prod-2,int-prod-3,int-prod-4",Merchant-Presented-QR-v1
PHQR-Keys,Merchant-Presented-QR-v1,"int-prod-1,int-prod-2,int-prod-3,int-prod-4",OAuth2-Token-API-V1
PHQR-Keys,OAuth2-Token-v2,"int-prod-1,int-prod-2,int-prod-3,int-prod-4",OAuth2-Token-API-V1
BDOPay2-PROD,ApiBanking-CIAM-v1-PROD,"int-prod-1,int-prod-2,int-prod-3,int-prod-4",ApiBanking-GetUsersByCIF-v1
BDOPay2-PROD,ApiBanking-CIAM-v1-PROD,"int-prod-1,int-prod-2,int-prod-3,int-prod-4",ApiBanking-Login-v1
BDOPay2-PROD,ApiBanking-CIAM-v1-PROD,"int-prod-1,int-prod-2,int-prod-3,int-prod-4",ApiBanking-Logout-v1
BDOPay2-PROD,ApiBanking-CIAM-v1-PROD,"int-prod-1,int-prod-2,int-prod-3,int-prod-4",ApiBanking-UserAttributes-v1
BDOPay2-PROD,ApiBanking-CIAM-v1-PROD,"int-prod-1,int-prod-2,int-prod-3,int-prod-4",ApiBanking-Login2FA-v1
BDOPay2-PROD,BDOPay-QR-v2-PROD,"int-prod-1,int-prod-2,int-prod-3,int-prod-4",QrProcessor-v4
BOB-Prod,OAuth2-Token-v2,"int-prod-1,int-prod-2,int-prod-3,int-prod-4",OAuth2-Token-API-V1
BOB-Prod,PESONet,"int-prod-1,int-prod-2,int-prod-3,int-prod-4",Edge-PESONet-BAPI
BRS---Pesonet-API,OAuth2-Token-v2,"int-prod-1,int-prod-2,int-prod-3,int-prod-4",OAuth2-Token-API-V1
BRS---Pesonet-API,PESONet,"int-prod-1,int-prod-2,int-prod-3,int-prod-4",Edge-PESONet-BAPI
CMS,OAuth2-Token-v2,"int-prod-1,int-prod-2,int-prod-3,int-prod-4",OAuth2-Token-API-V1
CMS,PESONet,"int-prod-1,int-prod-2,int-prod-3,int-prod-4",Edge-PESONet-BAPI
Remittance,BRS-SAF-Extractor-Web-Service-Product,"int-prod-1,int-prod-2,int-prod-3,int-prod-4",BRS-SAF-Extractor-Web-Service
OAuth2-Token-v2,OAuth2-Token-v2,"int-prod-1,int-prod-2,int-prod-3,int-prod-4",OAuth2-Token-API-V1
OAuth2-Token-v2,Remittance-v1,"int-prod-1,int-prod-2,int-prod-3,int-prod-4",Remittance-BAPI-v1
Customer-Portal-PROD,ApiBanking-CIAM-v1-PROD,"int-prod-1,int-prod-2,int-prod-3,int-prod-4",ApiBanking-GetUsersByCIF-v1
Customer-Portal-PROD,ApiBanking-CIAM-v1-PROD,"int-prod-1,int-prod-2,int-prod-3,int-prod-4",ApiBanking-Login-v1
Customer-Portal-PROD,ApiBanking-CIAM-v1-PROD,"int-prod-1,int-prod-2,int-prod-3,int-prod-4",ApiBanking-Logout-v1
Customer-Portal-PROD,ApiBanking-CIAM-v1-PROD,"int-prod-1,int-prod-2,int-prod-3,int-prod-4",ApiBanking-UserAttributes-v1
Customer-Portal-PROD,ApiBanking-CIAM-v1-PROD,"int-prod-1,int-prod-2,int-prod-3,int-prod-4",ApiBanking-Login2FA-v1
Customer-Portal-PROD,Enteprise-User-Administration-v1,"int-prod-1,int-prod-2,int-prod-3,int-prod-4",Enteprise-User-Administation
QMS-PROD,ApiBanking-CIAM-v1-PROD,"int-prod-1,int-prod-2,int-prod-3,int-prod-4",ApiBanking-GetUsersByCIF-v1
QMS-PROD,ApiBanking-CIAM-v1-PROD,"int-prod-1,int-prod-2,int-prod-3,int-prod-4",ApiBanking-Login-v1
QMS-PROD,ApiBanking-CIAM-v1-PROD,"int-prod-1,int-prod-2,int-prod-3,int-prod-4",ApiBanking-Logout-v1
QMS-PROD,ApiBanking-CIAM-v1-PROD,"int-prod-1,int-prod-2,int-prod-3,int-prod-4",ApiBanking-UserAttributes-v1
QMS-PROD,ApiBanking-CIAM-v1-PROD,"int-prod-1,int-prod-2,int-prod-3,int-prod-4",ApiBanking-Login2FA-v1
QMS-PROD,ApiBanking-BillsPayment-v1-PROD,"int-prod-1,int-prod-2,int-prod-3,int-prod-4",ApiBanking-Billers-v2
QMS-PROD,BankGenie-v1-PROD,"int-prod-1,int-prod-2,int-prod-3,int-prod-4",BankGenie-v1
bop,ApiBanking-CIAM-v1-PROD,"int-prod-1,int-prod-2,int-prod-3,int-prod-4",ApiBanking-GetUsersByCIF-v1
bop,ApiBanking-CIAM-v1-PROD,"int-prod-1,int-prod-2,int-prod-3,int-prod-4",ApiBanking-Login-v1
bop,ApiBanking-CIAM-v1-PROD,"int-prod-1,int-prod-2,int-prod-3,int-prod-4",ApiBanking-Logout-v1
bop,ApiBanking-CIAM-v1-PROD,"int-prod-1,int-prod-2,int-prod-3,int-prod-4",ApiBanking-UserAttributes-v1
bop,ApiBanking-CIAM-v1-PROD,"int-prod-1,int-prod-2,int-prod-3,int-prod-4",ApiBanking-Login2FA-v1
bop,BOP-v1,"int-prod-1,int-prod-2,int-prod-3,int-prod-4",BOP-EUA
bop,BOP-v1,"int-prod-1,int-prod-2,int-prod-3,int-prod-4",MS-passthrough-v1
PPAY-BOP,BOP-v1,"int-prod-1,int-prod-2,int-prod-3,int-prod-4",BOP-EUA
PPAY-BOP,BOP-v1,"int-prod-1,int-prod-2,int-prod-3,int-prod-4",MS-passthrough-v1
CMS-ePayments-NatashaSalesAndMarketingCorp-App,CMS-ePayments-Merchant-Product,int-prod-1,TBG-CMSEpayment-Microsite-ApiBanking_Authorize-V1
CMS-ePayments-NatashaSalesAndMarketingCorp-App,CMS-ePayments-Merchant-Product,int-prod-1,TBG-CMSEpayment-Microsite-CMS_BillPaymentInquiry-V1
CMS-ePayments-NatashaSalesAndMarketingCorp-App,CMS-ePayments-Merchant-Product,int-prod-1,CMS-DataValidate-v1
CMS-ePayments-NatashaSalesAndMarketingCorp-App,CMS-ePayments-Merchant-Product,int-prod-1,TBG-CMSEpayment-Microsite-ApiBanking_Login-V1
Evolution-CMS,BDO-Evolution-Product,int-prod-1,BBG-Evolution-BDO_Evolution-V1
Evolution-CMS,BDO-Evolution-Product,int-prod-1,Evolution-hoststatus
Evolution-CMS,ApiBanking-Login-v1,int-prod-1,TBG-CMSEpayment-Microsite-ApiBanking_Login-V1
Evolution-CMS,southbound-ms,"int-preprod-1,int-prod-1",TBG-CMSEpayment-Microsite-ApiBanking_Login-V1
Evolution-CMS,southbound-ms,"int-preprod-1,int-prod-1",TBG-CMSEpayment-Microsite-SouthBound_Proxy-V1
Evolution-CMS,southbound-ms,"int-preprod-1,int-prod-1",Retail-BRS_R-ApiBanking_Login-V1
Evolution-CMS,BDO-Evolution-Product-PreProd,int-preprod-1,BBG-Evolution-BDO_Evolution-V1
Evolution-CMS,BDO-Evolution-Product-PreProd,int-preprod-1,Evolution-hoststatus
Evolution-CMS,southbound-ms,"int-preprod-1,int-prod-1",TBG-CMSEpayment-Microsite-ApiBanking_Login-V1
Evolution-CMS,southbound-ms,"int-preprod-1,int-prod-1",TBG-CMSEpayment-Microsite-SouthBound_Proxy-V1
Evolution-CMS,southbound-ms,"int-preprod-1,int-prod-1",Retail-BRS_R-ApiBanking_Login-V1
Evolution-ATMQRBiometrics,BDO-Evolution-Product-PreProd,int-preprod-1,BBG-Evolution-BDO_Evolution-V1
Evolution-ATMQRBiometrics,BDO-Evolution-Product-PreProd,int-preprod-1,Evolution-hoststatus
Evolution-BiometricsWebPortal,BDO-Evolution-Product,int-prod-1,BBG-Evolution-BDO_Evolution-V1
Evolution-BiometricsWebPortal,BDO-Evolution-Product,int-prod-1,Evolution-hoststatus
Evolution-BiometricsWebPortal,BDO-Evolution-Product-PreProd,int-preprod-1,BBG-Evolution-BDO_Evolution-V1
Evolution-BiometricsWebPortal,BDO-Evolution-Product-PreProd,int-preprod-1,Evolution-hoststatus
Evolution-CLGWeb,BDO-Evolution-Product,int-prod-1,BBG-Evolution-BDO_Evolution-V1
Evolution-CLGWeb,BDO-Evolution-Product,int-prod-1,Evolution-hoststatus
Evolution-CLGWeb,BDO-Evolution-Product-PreProd,int-preprod-1,BBG-Evolution-BDO_Evolution-V1
Evolution-CLGWeb,BDO-Evolution-Product-PreProd,int-preprod-1,Evolution-hoststatus
NDBMOB,BDO-Callback-PROD,"int-prod-1,int-prod-2,int-prod-3,int-prod-4",ApiBanking-Callback-v1
NDBMOB,BDO-Callback-PROD,"int-prod-1,int-prod-2,int-prod-3,int-prod-4",ApiBanking-FICO-HostResponse-v1
NDBMOB,BDO-Callback-PROD,"int-prod-1,int-prod-2,int-prod-3,int-prod-4",ApiBanking-Login-v1
NDBMOB,BDO-Callback-PROD,"int-prod-1,int-prod-2,int-prod-3,int-prod-4",ApiBanking-UserAttributes-v1
NDBMOB,BDO-Callback-PROD,"int-prod-1,int-prod-2,int-prod-3,int-prod-4",ApiBanking-GetUsersByCIF-v1
BDOPay-Prod,BDO-Digital-PROD,"int-prod-1,int-prod-2,int-prod-3,int-prod-4",ApiBanking-Login-v1
BDOPay2-Swiftpass-PROD,BDOPay2-Swiftpass-PROD,"int-prod-1,int-prod-2,int-prod-3,int-prod-4",MPQR-SP-V1
BDOPay2-Swiftpass-PROD,BDOPay2-Swiftpass-PROD,"int-prod-1,int-prod-2,int-prod-3,int-prod-4",StatusEnquiry-SP-V1
BDOPay2-Swiftpass-PROD,BDOPay2-Swiftpass-PROD,"int-prod-1,int-prod-2,int-prod-3,int-prod-4",VOIDTransaction-MS-V2
BDOPay2-Swiftpass-PROD,BDOPay2-Swiftpass-PROD,"int-prod-1,int-prod-2,int-prod-3,int-prod-4",CPQRAuthorization-SP-V1
BDOPay2-Swiftpass-PROD,BDOPay2-Swiftpass-PROD,"int-prod-1,int-prod-2,int-prod-3,int-prod-4",CCNotification-SP-V1
BDOPay2-Swiftpass-PROD,BDOPay2-Swiftpass-PROD,"int-prod-1,int-prod-2,int-prod-3,int-prod-4",VoidAuthorization-SP-V1
BDOPay2-Swiftpass-PROD,BDOPay2-Swiftpass-PROD,"int-prod-1,int-prod-2,int-prod-3,int-prod-4",CASANotification-SP-V1
BDOPay2-Swiftpass-PROD,BDOPay2-Swiftpass-PROD,"int-prod-1,int-prod-2,int-prod-3,int-prod-4",QrProcessor-v4
BDOPay2-Backbase-PROD,BDOPay2-Backbase-PROD,"int-prod-1,int-prod-2,int-prod-3,int-prod-4",CPQRVerification-BB-V1
BDOPay2-Backbase-PROD,BDOPay2-Backbase-PROD,"int-prod-1,int-prod-2,int-prod-3,int-prod-4",TransactionStatusCPQRAndVoid-BB-V1
NDBMOB-PREPROD,BDO-Callback-PREPROD,"int-preprod-1,int-preprod-2",ApiBanking-Callback-v1
NDBMOB-PREPROD,BDO-Callback-PREPROD,"int-preprod-1,int-preprod-2",ApiBanking-FICO-HostResponse-v1
NDBMOB-PREPROD,BDO-Callback-PREPROD,"int-preprod-1,int-preprod-2",ApiBanking-Login-v1
NDBMOB-PREPROD,BDO-Callback-PREPROD,"int-preprod-1,int-preprod-2",ApiBanking-UserAttributes-v1
NDBMOB-PREPROD,BDO-Callback-PREPROD,"int-preprod-1,int-preprod-2",ApiBanking-GetUsersByCIF-v1
BDOPay-PreProd,BDO-Digital-PREPROD,"int-preprod-1,int-preprod-2",ApiBanking-Login-v1
BDOPay2-Swiftpass-PREPROD,BDOPay2-Swiftpass-PREPROD,"int-preprod-1,int-preprod-2",CCNotification-SP-V1
BDOPay2-Swiftpass-PREPROD,BDOPay2-Swiftpass-PREPROD,"int-preprod-1,int-preprod-2",VoidAuthorization-SP-V1
BDOPay2-Swiftpass-PREPROD,BDOPay2-Swiftpass-PREPROD,"int-preprod-1,int-preprod-2",CASANotification-SP-V1
BDOPay2-Backbase-PREPROD,BDOPay2-Backbase-PREPROD,"int-preprod-1,int-preprod-2",TransactionStatusCPQRAndVoid-BB-V1
Evolution-PBSYS,BDO-Evolution-Mapper-PB-PREPROD,int-preprod-2,Enterprise-EvolutionMapper-V1-PB
Evolution-PBSYS,BDO-Evolution-Mapper-PB-PREPROD,int-preprod-2,Enterprise-EvolutionMapper-V1-PB
Evolution-PBSYS,BDO-Evolution-Mapper-PB,int-prod-4,Enterprise-EvolutionMapper-V1-PB
Evolution-PBSYS,BDO-Evolution-Mapper-PB,int-prod-4,Enterprise-EvolutionMapper-V1-PB
CMS-ePayments-Corporate-Internal-App,CMS-ePayments-Corporate-Internal-Product,"int-prod-1,int-prod-3",Corporate-CMS_ePayments_Corp-Password_Encryption-V1
CMS-ePayments-Corporate-Internal-App,CMS-ePayments-Corporate-Internal-Product,"int-prod-1,int-prod-3",TBG-CMSEpayment-Microsite-ApiBanking_Login-V1
eSOA-CCM-SMS,CCM-UNIFIED-v1,int-prod-1,TBG-CMS_Mobile-CCM_Phase_2_BAPI-V1
eSOA-CCM-SMS,CCM-UNIFIED-v1,int-prod-1,TBG-CMSEpayment-Microsite-ApiBanking_Login-V1
eSOA-CCM-SMS,CCM-Email-v1,int-prod-1,TBG-CMS_Mobile-CCM_Phase_2_BAPI-V1
eSOA-CCM-SMS,CCM-Email-v1,int-prod-1,TBG-CMSEpayment-Microsite-ApiBanking_Login-V1
Evolution-POSDrive-cardPin,Evolution-PartyDetails,int-prod-3,Signature-Evolution-Party-Details-V1
CCM-FraudMessagingInterface,CCM-UNIFIED-v1,int-prod-1,TBG-CMS_Mobile-CCM_Phase_2_BAPI-V1
CCM-FraudMessagingInterface,CCM-UNIFIED-v1,int-prod-1,TBG-CMSEpayment-Microsite-ApiBanking_Login-V1
Evolution-SBS,BDO-Evolution-Product,int-prod-1,BBG-Evolution-BDO_Evolution-V1
Evolution-SBS,BDO-Evolution-Product,int-prod-1,Evolution-hoststatus
Evolution-SBS,BDO-Evolution-Product-PreProd,int-preprod-1,BBG-Evolution-BDO_Evolution-V1
Evolution-SBS,BDO-Evolution-Product-PreProd,int-preprod-1,Evolution-hoststatus
CMS-ePayments-Shakeys-App,CMS-ePayments-Merchant-Product,int-prod-1,TBG-CMSEpayment-Microsite-ApiBanking_Authorize-V1
CMS-ePayments-Shakeys-App,CMS-ePayments-Merchant-Product,int-prod-1,TBG-CMSEpayment-Microsite-CMS_BillPaymentInquiry-V1
CMS-ePayments-Shakeys-App,CMS-ePayments-Merchant-Product,int-prod-1,CMS-DataValidate-v1
CMS-ePayments-Shakeys-App,CMS-ePayments-Merchant-Product,int-prod-1,TBG-CMSEpayment-Microsite-ApiBanking_Login-V1
Telephony-Internal,Telephony API-PROD,"int-prod-1,int-prod-3",telephony_creditcards_rewards
Telephony-Internal,Telephony API-PROD,"int-prod-1,int-prod-3",Telephony_Cash_Card-V1
Telephony-Internal,Telephony API-PROD,"int-prod-1,int-prod-3",TBG-CMSEpayment-Microsite-ApiBanking_Login-V1
Platform-App,Platform-Product,"int-preprod-1,int-preprod-2,int-prod-1,int-prod-2,int-prod-3,int-prod-4,int-prod-hybrid-1,int-prod-hybrid-2",Platfrom-Int-Pre-Prod-1-Proxy-v1
Platform-App,Platform-Product,"int-preprod-1,int-preprod-2,int-prod-1,int-prod-2,int-prod-3,int-prod-4,int-prod-hybrid-1,int-prod-hybrid-2",Platfrom-Int-Pre-Prod-2-Proxy-v1
Platform-App,Platform-Product,"int-preprod-1,int-preprod-2,int-prod-1,int-prod-2,int-prod-3,int-prod-4,int-prod-hybrid-1,int-prod-hybrid-2",Platfrom-Int-Prod-1-Proxy-v1
Platform-App,Platform-Product,"int-preprod-1,int-preprod-2,int-prod-1,int-prod-2,int-prod-3,int-prod-4,int-prod-hybrid-1,int-prod-hybrid-2",Platfrom-Int-Prod-2-Proxy-v1
Platform-App,Platform-Product,"int-preprod-1,int-preprod-2,int-prod-1,int-prod-2,int-prod-3,int-prod-4,int-prod-hybrid-1,int-prod-hybrid-2",Platfrom-Int-Prod-3-Proxy-v1
Platform-App,Platform-Product,"int-preprod-1,int-preprod-2,int-prod-1,int-prod-2,int-prod-3,int-prod-4,int-prod-hybrid-1,int-prod-hybrid-2",Platfrom-Int-Prod-4-Proxy-v1
Platform-App,Platform-Product,"int-preprod-1,int-preprod-2,int-prod-1,int-prod-2,int-prod-3,int-prod-4,int-prod-hybrid-1,int-prod-hybrid-2",Platfrom-Int-Prod-hybrid-1-Proxy-v1
Platform-App,Platform-Product,"int-preprod-1,int-preprod-2,int-prod-1,int-prod-2,int-prod-3,int-prod-4,int-prod-hybrid-1,int-prod-hybrid-2",Platfrom-Int-Prod-hybrid-2-Proxy-v1
CMS-ePayments-Maya-App,CMS-ePayments-Merchant-Product,int-prod-1,TBG-CMSEpayment-Microsite-ApiBanking_Authorize-V1
CMS-ePayments-Maya-App,CMS-ePayments-Merchant-Product,int-prod-1,TBG-CMSEpayment-Microsite-CMS_BillPaymentInquiry-V1
CMS-ePayments-Maya-App,CMS-ePayments-Merchant-Product,int-prod-1,CMS-DataValidate-v1
CMS-ePayments-Maya-App,CMS-ePayments-Merchant-Product,int-prod-1,TBG-CMSEpayment-Microsite-ApiBanking_Login-V1
CorpWeb-CCM-App,CCM-UNIFIED-v1,int-prod-1,TBG-CMS_Mobile-CCM_Phase_2_BAPI-V1
CorpWeb-CCM-App,CCM-UNIFIED-v1,int-prod-1,TBG-CMSEpayment-Microsite-ApiBanking_Login-V1
IBG-Mediation-App,CreditLens-Product,"int-preprod-1,int-prod-1,int-prod-2",TBG-CMSEpayment-Microsite-ApiBanking_Login-V1
IBG-Mediation-App,CreditLens-Product,"int-preprod-1,int-prod-1,int-prod-2",Enterprise-CreditLens-V1
IBG-Mediation-App,CreditLens-Product,"int-preprod-1,int-prod-1,int-prod-2",Enterprise-CreditLens-V1
IBG-Mediation-App,CreditLens-Product,"int-preprod-1,int-prod-1,int-prod-2",Enterprise-CreditLens-V1
IBG-Mediation-App,CreditLens-Product,"int-preprod-1,int-prod-1,int-prod-2",Enterprise-CreditLens-V1
IBG-Mediation-App,CreditLens-Product,"int-preprod-1,int-prod-1,int-prod-2",Enterprise-CreditLens-V1
IBG-Mediation-App,CreditLens-Product,"int-preprod-1,int-prod-1,int-prod-2",Enterprise-CreditLens-V1
IBG-Mediation-App,CreditLens-Product,"int-preprod-1,int-prod-1,int-prod-2",Enterprise-CreditLens-V1
IBG-Mediation-App,CreditLens-Product,"int-preprod-1,int-prod-1,int-prod-2",Enterprise-CreditLens-V1
IBG-Mediation-App,CreditLens-Product,"int-preprod-1,int-prod-1,int-prod-2",Enterprise-CreditLens-V1
IBG-Mediation-App,CreditLens-Product,"int-preprod-1,int-prod-1,int-prod-2",Enterprise-CreditLens-V1
IBG-Mediation-App,CreditLens-Product,"int-preprod-1,int-prod-1,int-prod-2",Enterprise-CreditLens-V1
CCM-BCS,CCM-UNIFIED-v1,int-prod-1,TBG-CMS_Mobile-CCM_Phase_2_BAPI-V1
CCM-BCS,CCM-UNIFIED-v1,int-prod-1,TBG-CMSEpayment-Microsite-ApiBanking_Login-V1
Evolution-AOWorkbench,BDO-Evolution-Product-PreProd,int-preprod-1,BBG-Evolution-BDO_Evolution-V1
Evolution-AOWorkbench,BDO-Evolution-Product-PreProd,int-preprod-1,Evolution-hoststatus
Evolution-AOWorkbench,BDO-Evolution-Product,int-prod-1,BBG-Evolution-BDO_Evolution-V1
Evolution-AOWorkbench,BDO-Evolution-Product,int-prod-1,Evolution-hoststatus
BRS-Replacement,BRS-CCM-Unified-v1,"int-preprod-1,int-prod-hybrid-1",Retail-BRS_R-CCM_Phase2_BAPI-V1
BRS-Replacement,BRS-CCM-SMS-v1,"int-preprod-1,int-prod-hybrid-1",Retail-BRS_R-CCM_Phase2_BAPI-V1
BRS-Replacement,BRS-CCM-SMS-v1,"int-preprod-1,int-prod-hybrid-1",Retail-BRS_R-ApiBanking_Login-V1
BRS-Replacement,BRS-Replacement-Product,"int-preprod-1,int-prod-hybrid-1",Retail-BRS_R-ApiBanking_Login-V1
BRS-Replacement,BRS-Replacement-Product,"int-preprod-1,int-prod-hybrid-1",Retail-BRS_R-Bridger-V1
BRS-Replacement,BRS-Replacement-Product,"int-preprod-1,int-prod-hybrid-1",Retail-BRS_R-Carnelian_RDC-V1
BRS-Replacement,BRS-Replacement-Product,"int-preprod-1,int-prod-hybrid-1",Retail-BRS_R-Fin_Engine-V1
BRS-Replacement,BRS-Replacement-Product,"int-preprod-1,int-prod-hybrid-1",Retail-BRS_R-IST_IBFT-V1
BRS-Replacement,BRS-Replacement-Product,"int-preprod-1,int-prod-hybrid-1",Retail-BRS_R-OTP-V1
BRS-Replacement,BRS-Replacement-Product,"int-preprod-1,int-prod-hybrid-1",Retail-BRS_R-CRM_AccountInformation-V1
BRS-Replacement,BRS-Replacement-Product,"int-preprod-1,int-prod-hybrid-1",Retail-BRS_R-Southbound_Icos_Proxy-V1
BRS-Replacement,BRS-Replacement-Product,"int-preprod-1,int-prod-hybrid-1",Retail-BRS_R-Southbound_Proxy-V1
BRS-Replacement,BRS-Replacement-Product,"int-preprod-1,int-prod-hybrid-1",Retail-BRS_R-CCM_Phase2_BAPI-V1
BRS-Replacement,BRS-Replacement-Product,"int-preprod-1,int-prod-hybrid-1",Retail-BRS_R-SM-V1
BRS-Replacement,BRS-CCM-Email-v1,"int-preprod-1,int-prod-hybrid-1",Retail-BRS_R-CCM_Phase2_BAPI-V1
BRS-Replacement,BRS-CCM-Email-v1,"int-preprod-1,int-prod-hybrid-1",Retail-BRS_R-ApiBanking_Login-V1
Evolution-BDOAnywhere,BDO-Evolution-Product,int-prod-1,BBG-Evolution-BDO_Evolution-V1
Evolution-BDOAnywhere,BDO-Evolution-Product,int-prod-1,Evolution-hoststatus
Evolution-BDOAnywhere,BDO-Evolution-Product-PreProd,int-preprod-1,BBG-Evolution-BDO_Evolution-V1
Evolution-BDOAnywhere,BDO-Evolution-Product-PreProd,int-preprod-1,Evolution-hoststatus
One Loyalty,CCM-UNIFIED-v1,int-prod-1,TBG-CMS_Mobile-CCM_Phase_2_BAPI-V1
One Loyalty,CCM-UNIFIED-v1,int-prod-1,TBG-CMSEpayment-Microsite-ApiBanking_Login-V1
One Loyalty,Perx-Product,"int-preprod-1,int-prod-1,int-prod-3",Retail-OL-Perx_BalanceInquiry-V1
One Loyalty,Perx-Product,"int-preprod-1,int-prod-1,int-prod-3",Retail-OL-Perx_LoyaltyTransactions-V1
One Loyalty,Perx-Product,"int-preprod-1,int-prod-1,int-prod-3",Retail-OL-Perx_Vouchers-V1
One Loyalty,Perx-Product,"int-preprod-1,int-prod-1,int-prod-3",TBG-CMSEpayment-Microsite-ApiBanking_Login-V1
ATR-PayMaya,pmr-passthrough-Product,"int-preprod-1,int-prod-3",pmr-passthrough-proxy-v1
CMS-ePayments-Growsari-App,CMS-ePayments-Merchant-Product,int-prod-1,TBG-CMSEpayment-Microsite-ApiBanking_Authorize-V1
CMS-ePayments-Growsari-App,CMS-ePayments-Merchant-Product,int-prod-1,TBG-CMSEpayment-Microsite-CMS_BillPaymentInquiry-V1
CMS-ePayments-Growsari-App,CMS-ePayments-Merchant-Product,int-prod-1,CMS-DataValidate-v1
CMS-ePayments-Growsari-App,CMS-ePayments-Merchant-Product,int-prod-1,TBG-CMSEpayment-Microsite-ApiBanking_Login-V1
CMS-ePayments-Xendit-App,CMS-ePayments-Merchant-Product,int-prod-1,TBG-CMSEpayment-Microsite-ApiBanking_Authorize-V1
CMS-ePayments-Xendit-App,CMS-ePayments-Merchant-Product,int-prod-1,TBG-CMSEpayment-Microsite-CMS_BillPaymentInquiry-V1
CMS-ePayments-Xendit-App,CMS-ePayments-Merchant-Product,int-prod-1,CMS-DataValidate-v1
CMS-ePayments-Xendit-App,CMS-ePayments-Merchant-Product,int-prod-1,TBG-CMSEpayment-Microsite-ApiBanking_Login-V1
Evolution-FalconSMS-PreProd,BDO-Evolution-Product-PreProd,int-preprod-1,BBG-Evolution-BDO_Evolution-V1
Evolution-FalconSMS-PreProd,BDO-Evolution-Product-PreProd,int-preprod-1,Evolution-hoststatus
OPICS-App,OPICS-Products,"int-prod-1,int-prod-2",Retail-OPICS-OPICS_CASACustomerList-V1
OPICS-App,OPICS-Products,"int-prod-1,int-prod-2",COG-Telephony-CRM_CustomerAccountList-V1
OPICS-App,OPICS-Products,"int-prod-1,int-prod-2",COG-Telephony-CRM_AccountInformation-V1
OPICS-App,OPICS-Products,"int-prod-1,int-prod-2",COG-Telephony-OPICS_KYCFields-V1
OPICS-App,OPICS-Products,"int-prod-1,int-prod-2",COG-CRM_CC-OPICS_CASABalance-V1
OPICS-App,OPICS-Products,"int-prod-1,int-prod-2",COG-Telephony-OPICS_CASATransactions-V1
OPICS-App,OPICS-Products,"int-prod-1,int-prod-2",TBG-CMSEpayment-Microsite-ApiBanking_Login-V1
OPICS-App,OPICS-Products,"int-prod-1,int-prod-2",Enertpise-PaymentUtility-OPICS_KYCFields-V2
OPICS-App,OPICS-Products,"int-prod-1,int-prod-2",COG-Telephony-OPICS_CASATransactions-V2
OPICS-App,OPICS-Products,"int-prod-1,int-prod-2",COG-CRM_CC-OPICS_CASABalance-V2
OPICS-App,OPICS-Products,"int-prod-1,int-prod-2",COG-Telephony-CRM_CustomerAccountList-V2
OPICS-App,OPICS-Products,"int-prod-1,int-prod-2",Retail-OPICS-OPICS_CASACustomerList-V2
FICO,CCM-UNIFIED-v1,int-prod-1,TBG-CMS_Mobile-CCM_Phase_2_BAPI-V1
FICO,CCM-UNIFIED-v1,int-prod-1,TBG-CMSEpayment-Microsite-ApiBanking_Login-V1
FICO,CCM-Email-v1,int-prod-1,TBG-CMS_Mobile-CCM_Phase_2_BAPI-V1
FICO,CCM-Email-v1,int-prod-1,TBG-CMSEpayment-Microsite-ApiBanking_Login-V1
FICO,FICO,int-prod-1,TBG-CMSEpayment-Microsite-ApiBanking_Login-V1
FICO,FICO,int-prod-1,Retail-FICO-fai_mapper_passthrough_proxy-V1
FICO,CCM-SMS-v1,int-prod-1,TBG-CMS_Mobile-CCM_Phase_2_BAPI-V1
FICO,CCM-SMS-v1,int-prod-1,TBG-CMSEpayment-Microsite-ApiBanking_Login-V1
FICO,CCM-Viber-v1,int-prod-1,TBG-CMS_Mobile-CCM_Phase_2_BAPI-V1
FICO,CCM-Viber-v1,int-prod-1,TBG-CMSEpayment-Microsite-ApiBanking_Login-V1
CMS-ePayments-ShopeePay-App,CMS-ePayments-Merchant-Product,int-prod-1,TBG-CMSEpayment-Microsite-ApiBanking_Authorize-V1
CMS-ePayments-ShopeePay-App,CMS-ePayments-Merchant-Product,int-prod-1,TBG-CMSEpayment-Microsite-CMS_BillPaymentInquiry-V1
CMS-ePayments-ShopeePay-App,CMS-ePayments-Merchant-Product,int-prod-1,CMS-DataValidate-v1
CMS-ePayments-ShopeePay-App,CMS-ePayments-Merchant-Product,int-prod-1,TBG-CMSEpayment-Microsite-ApiBanking_Login-V1
CMS-ePayments-Internal,CMS-ePayments-Internal,int-prod-1,TBG-CMSEpayment-Microsite-ApiBanking_Login-V1
CMS-ePayments-Internal,CMS-ePayments-Internal,int-prod-1,TBG-CMSEpayment-Microsite-ApiBanking_Login2FA-V1
CMS-ePayments-Internal,CMS-ePayments-Internal,int-prod-1,TBG-CMSEpayment-Microsite-ApiBanking_Logout-V2
CMS-ePayments-Internal,CMS-ePayments-Internal,int-prod-1,TBG-CMSEpayment-Microsite-ApiBanking_UserAttributes-V2
CMS-ePayments-Internal,CMS-ePayments-Internal,int-prod-1,TBG-CMSEpayment-Microsite-SouthBound_Proxy-V1
KVM-Update-APP,KVM-operations,"int-preprod-1,int-preprod-2,int-prod-1,int-prod-2,int-prod-3,int-prod-4,int-prod-hybrid-1",Platform-Manage-Kvms-V1
CJ-CFTS-APP,CFTS-PRD-Authentication,"int-preprod-1,int-prod-2",API-Login-v1
CJ-CFTS-APP,CFTS-PRD-DCSS,"int-preprod-2,int-prod-2,int-prod-3",CJ_UM-DCSS-LimitAmount-V1
CJ-CFTS-APP,CFTS-PRD-DCSS,"int-preprod-2,int-prod-2,int-prod-3",CJ_UM-DCSS-UpdateAmount-V1
CJ-CFTS-APP,CFTS-PRD-DCSS,"int-preprod-2,int-prod-2,int-prod-3",API-DCSS-ReadCard-v1
CJ-CFTS-APP,CFTS-PRD-ICOS,"int-preprod-1,int-prod-3",API-ICOS-v1
CJ-CFTS-APP,CFTS-PRD-SCU,"int-preprod-1,int-prod-3",API-SCU-v1
CJ-CFTS-APP,CFTS-PRD-EPID,"int-preprod-2,int-prod-3",CJ_UM-EPID-V1
CJ-CFTS-APP,CFTS-PRD-ICBS,"int-preprod-2,int-prod-2,int-prod-3",API-ICBS-AccntInfo-V1
CJ-CFTS-APP,CFTS-PRD-ICBS,"int-preprod-2,int-prod-2,int-prod-3",CJ_UM-ICBS-Accnt-Balance-V1
CJ-CFTS-APP,CFTS-PRD-ICBS,"int-preprod-2,int-prod-2,int-prod-3",CJ_UM-ICBS-Accnt-Cif-V1
CJ-CFTS-APP,CFTS-PRD-ICBS,"int-preprod-2,int-prod-2,int-prod-3",CJ_UM-ICBS-Accnt-Linked-V1
CJ-CFTS-APP,CFTS-PRD-ICBS,"int-preprod-2,int-prod-2,int-prod-3",CJ_UM-ICBS-Fund-Transfer-V1
CJ-CFTS-APP,CFTS-PRD-ETools,"int-preprod-2,int-prod-3",CJ_UM-TerminalDetails-V1
CJ-CFTS-APP,CFTS-PRD-ETools,"int-preprod-2,int-prod-3",CJ_UM-TerminalSequence-V1
CJ-CFTS-APP,CFTS-PRD-PREPROC,int-prod-3,API-PREPROC-v1
retail-cj-cico-qms-tv,ApiBanking-Login-v1,int-prod-1,TBG-CMSEpayment-Microsite-ApiBanking_Login-V1
retail-cj-cico-qms-tv,retail-cj-cico-bcx-rates,int-prod-2,COG-Telephony-BCX_Rates-V1
BDO Enterprise SMS,CCM-UNIFIED-v1,int-prod-1,TBG-CMS_Mobile-CCM_Phase_2_BAPI-V1
BDO Enterprise SMS,CCM-UNIFIED-v1,int-prod-1,TBG-CMSEpayment-Microsite-ApiBanking_Login-V1
BDO Enterprise SMS,CCM-Email-v1,int-prod-1,TBG-CMS_Mobile-CCM_Phase_2_BAPI-V1
BDO Enterprise SMS,CCM-Email-v1,int-prod-1,TBG-CMSEpayment-Microsite-ApiBanking_Login-V1
BDO Enterprise SMS,CCM-SMS-v1,int-prod-1,TBG-CMS_Mobile-CCM_Phase_2_BAPI-V1
BDO Enterprise SMS,CCM-SMS-v1,int-prod-1,TBG-CMSEpayment-Microsite-ApiBanking_Login-V1
BDO Enterprise SMS,CCM-Viber-v1,int-prod-1,TBG-CMS_Mobile-CCM_Phase_2_BAPI-V1
BDO Enterprise SMS,CCM-Viber-v1,int-prod-1,TBG-CMSEpayment-Microsite-ApiBanking_Login-V1
CRM-App,IVRS,"int-preprod-1,int-prod-2",COG-Telephony-DCSS_DebitCardBlock-V1
CRM-App,IVRS,"int-preprod-1,int-prod-2",COG-Telephony-BCX_Rates-V1
CRM-App,IVRS,"int-preprod-1,int-prod-2",COG-Telephony-Cadencie_CreditCards-V1
CRM-App,IVRS,"int-preprod-1,int-prod-2",COG-Telephony-EMBS_SendSOAEmail-V1
CRM-App,IVRS,"int-preprod-1,int-prod-2",COG-Telephony-IST_DebitCardBlocking-V1
CRM-App,IVRS,"int-preprod-1,int-prod-2",COG-Telephony-LRS_Rewards-V1
CRM-App,IVRS,"int-preprod-1,int-prod-2",COG-Telephony-NICE_Voice_Biometrics-V1
CRM-App,IVRS,"int-preprod-1,int-prod-2",COG-Telephony-CRM_CreditCardAccountBalance-V1
CRM-App,IVRS,"int-preprod-1,int-prod-2",COG-Telephony-CRM_CashCardDetails-V1
CRM-App,IVRS,"int-preprod-1,int-prod-2",COG-Telephony-SM_Rewards-V1
CRM-App,IVRS,"int-preprod-1,int-prod-2",COG-Telephony-OPICS_KYCFields-V1
CRM-App,IVRS,"int-preprod-1,int-prod-2",COG-Telephony-CRM_AccountInformation-V1
CRM-App,IVRS,"int-preprod-1,int-prod-2",COG-Telephony-CASHCARD_PermanentBlock-V1
CRM-App,IVRS,"int-preprod-1,int-prod-2",COG-Telephony-CASHCARD_ClientInquiry-V1
CRM-App,IVRS,"int-preprod-1,int-prod-2",COG-Telephony-CRM_CashCardAccountTransactions-V1
CRM-App,IVRS,"int-preprod-1,int-prod-2",COG-Telephony-OPICS_CASATransactions-V1
CRM-App,IVRS,"int-preprod-1,int-prod-2",COG-Telephony-CRM_CustomerAccountList-V1
CRM-App,IVRS,"int-preprod-1,int-prod-2",API-DCSS-ReadCard-v1
CRM-App,ApiBanking-Login-v1,int-prod-1,TBG-CMSEpayment-Microsite-ApiBanking_Login-V1
CCM-V1,CCM-UNIFIED-v1,int-prod-1,TBG-CMS_Mobile-CCM_Phase_2_BAPI-V1
CCM-V1,CCM-UNIFIED-v1,int-prod-1,TBG-CMSEpayment-Microsite-ApiBanking_Login-V1
CCM-V1,ApiBanking-Login-v1,int-prod-1,TBG-CMSEpayment-Microsite-ApiBanking_Login-V1
CCM-V1,CCM-Email-v1,int-prod-1,TBG-CMS_Mobile-CCM_Phase_2_BAPI-V1
CCM-V1,CCM-Email-v1,int-prod-1,TBG-CMSEpayment-Microsite-ApiBanking_Login-V1
CCM-V1,CCM-SMS-v1,int-prod-1,TBG-CMS_Mobile-CCM_Phase_2_BAPI-V1
CCM-V1,CCM-SMS-v1,int-prod-1,TBG-CMSEpayment-Microsite-ApiBanking_Login-V1
CCM-V1,CCM-Viber-v1,int-prod-1,TBG-CMS_Mobile-CCM_Phase_2_BAPI-V1
CCM-V1,CCM-Viber-v1,int-prod-1,TBG-CMSEpayment-Microsite-ApiBanking_Login-V1
IVRS,OneLoyalty-RewardsCard,"int-prod-1,int-prod-2,int-prod-3,int-prod-4",TBG-CMSEpayment-Microsite-ApiBanking_Login2FA-V1
IVRS,OneLoyalty-RewardsCard,"int-prod-1,int-prod-2,int-prod-3,int-prod-4",Retail-OneLoyalty-RewardsCard-V1
IVRS,OneLoyalty-RewardsCard,"int-prod-1,int-prod-2,int-prod-3,int-prod-4",Retail-OneLoyalty-RewardsCard-V1
IVRS,OneLoyalty-RewardsCard,"int-prod-1,int-prod-2,int-prod-3,int-prod-4",Retail-OneLoyalty-RewardsCard-V1
IVRS,CCM-UNIFIED-v1,int-prod-1,TBG-CMS_Mobile-CCM_Phase_2_BAPI-V1
IVRS,CCM-UNIFIED-v1,int-prod-1,TBG-CMSEpayment-Microsite-ApiBanking_Login-V1
IVRS,IVRS,"int-preprod-1,int-prod-2",COG-Telephony-DCSS_DebitCardBlock-V1
IVRS,IVRS,"int-preprod-1,int-prod-2",COG-Telephony-BCX_Rates-V1
IVRS,IVRS,"int-preprod-1,int-prod-2",COG-Telephony-Cadencie_CreditCards-V1
IVRS,IVRS,"int-preprod-1,int-prod-2",COG-Telephony-EMBS_SendSOAEmail-V1
IVRS,IVRS,"int-preprod-1,int-prod-2",COG-Telephony-IST_DebitCardBlocking-V1
IVRS,IVRS,"int-preprod-1,int-prod-2",COG-Telephony-LRS_Rewards-V1
IVRS,IVRS,"int-preprod-1,int-prod-2",COG-Telephony-NICE_Voice_Biometrics-V1
IVRS,IVRS,"int-preprod-1,int-prod-2",COG-Telephony-CRM_CreditCardAccountBalance-V1
IVRS,IVRS,"int-preprod-1,int-prod-2",COG-Telephony-CRM_CashCardDetails-V1
IVRS,IVRS,"int-preprod-1,int-prod-2",COG-Telephony-SM_Rewards-V1
IVRS,IVRS,"int-preprod-1,int-prod-2",COG-Telephony-OPICS_KYCFields-V1
IVRS,IVRS,"int-preprod-1,int-prod-2",COG-Telephony-CRM_AccountInformation-V1
IVRS,IVRS,"int-preprod-1,int-prod-2",COG-Telephony-CASHCARD_PermanentBlock-V1
IVRS,IVRS,"int-preprod-1,int-prod-2",COG-Telephony-CASHCARD_ClientInquiry-V1
IVRS,IVRS,"int-preprod-1,int-prod-2",COG-Telephony-CRM_CashCardAccountTransactions-V1
IVRS,IVRS,"int-preprod-1,int-prod-2",COG-Telephony-OPICS_CASATransactions-V1
IVRS,IVRS,"int-preprod-1,int-prod-2",COG-Telephony-CRM_CustomerAccountList-V1
IVRS,IVRS,"int-preprod-1,int-prod-2",API-DCSS-ReadCard-v1
IVRS,ApiBanking-Login-v1,int-prod-1,TBG-CMSEpayment-Microsite-ApiBanking_Login-V1
IVRS,Telephony API-PROD,"int-prod-1,int-prod-3",telephony_creditcards_rewards
IVRS,Telephony API-PROD,"int-prod-1,int-prod-3",Telephony_Cash_Card-V1
IVRS,Telephony API-PROD,"int-prod-1,int-prod-3",TBG-CMSEpayment-Microsite-ApiBanking_Login-V1
CMS-Mobile-Release-CCM,CCM-UNIFIED-v1,int-prod-1,TBG-CMS_Mobile-CCM_Phase_2_BAPI-V1
CMS-Mobile-Release-CCM,CCM-UNIFIED-v1,int-prod-1,TBG-CMSEpayment-Microsite-ApiBanking_Login-V1
CMS-Mobile-Release-CCM,CCM-Email-v1,int-prod-1,TBG-CMS_Mobile-CCM_Phase_2_BAPI-V1
CMS-Mobile-Release-CCM,CCM-Email-v1,int-prod-1,TBG-CMSEpayment-Microsite-ApiBanking_Login-V1
CMS-Mobile-Release-CCM,CCM-SMS-v1,int-prod-1,TBG-CMS_Mobile-CCM_Phase_2_BAPI-V1
CMS-Mobile-Release-CCM,CCM-SMS-v1,int-prod-1,TBG-CMSEpayment-Microsite-ApiBanking_Login-V1
CMS-Mobile-Release-CCM,CCM-Viber-v1,int-prod-1,TBG-CMS_Mobile-CCM_Phase_2_BAPI-V1
CMS-Mobile-Release-CCM,CCM-Viber-v1,int-prod-1,TBG-CMSEpayment-Microsite-ApiBanking_Login-V1
CMS-Mobile-Release-CNR-ICOS-App,CNR-ICOS-Product,int-prod-1,TBG-CMSEpayment-Microsite-ApiBanking_Login-V1
CMS-Mobile-Release-CNR-ICOS-App,CNR-ICOS-Product,int-prod-1,TBG-CMS_Mobile-southbound_icos_proxy-V1
CMS-Mobile-Release-CNR-ICOS-App,CNR-ICOS-Product,int-prod-1,TBG-CMS_Mobile-ICOS_ValidateSubscriberNumber-V1
CMS-Mobile-Release-CNR-CMS-App,CNR-CMS-Product,int-prod-1,TBG-CMSEpayment-Microsite-ApiBanking_Login-V1
CMS-Mobile-Release-CNR-CMS-App,CNR-CMS-Product,int-prod-1,TBG-CMS_Mobile-CMS_BillPayment-V1
CMS-Mobile-Release-CNR-CMS-App,CNR-CMS-Product,int-prod-1,TBG-CMSEpayment-Microsite-CMS_BillPaymentInquiry-V1
CMS-Mobile-Release-CNR-CMS-App,CNR-CMS-Product,int-prod-1,TBG-CMS_Mobile-CMS_VirtualAccountValidation-V1
CMS-Mobile-Release-CNR-CMS-App,CNR-CMS-Product,int-prod-1,TBG-CMS_Mobile-CMS_VirtualAccountBulkValidation-V1
CMS-Mobile-Release-CNR-CMS-App,CNR-CMS-Product,int-prod-1,TBG-CMS_Mobile-CMS_VirtualAccountLedgerUpdate-V1
CMS-Mobile-Release-southbound-ms,southbound-ms,"int-preprod-1,int-prod-1",TBG-CMSEpayment-Microsite-ApiBanking_Login-V1
CMS-Mobile-Release-southbound-ms,southbound-ms,"int-preprod-1,int-prod-1",TBG-CMSEpayment-Microsite-SouthBound_Proxy-V1
CMS-Mobile-Release-southbound-ms,southbound-ms,"int-preprod-1,int-prod-1",Retail-BRS_R-ApiBanking_Login-V1
Evolution-FalconSMS,BDO-Evolution-Product,int-prod-1,BBG-Evolution-BDO_Evolution-V1
Evolution-FalconSMS,BDO-Evolution-Product,int-prod-1,Evolution-hoststatus
HealthCheck,Target Server Health Check Product,"int-preprod-1,int-preprod-2,int-prod-1,int-prod-2,int-prod-3,int-prod-4,int-prod-5,int-prod-hybrid-1,int-prod-hybrid-2",Platform-Target_Server_Health_Check_Prod_Int-V1
HealthCheck,Target Server Health Check Product,"int-preprod-1,int-preprod-2,int-prod-1,int-prod-2,int-prod-3,int-prod-4,int-prod-5,int-prod-hybrid-1,int-prod-hybrid-2",Platform-Target_Server_Health_Check-V1
Solaire-App,Solaire-Product,int-prod-1,TBG-CMSEpayment-Microsite-ApiBanking_Authorize-V1
Solaire-App,Solaire-Product,int-prod-1,TBG-CMSEpayment-Microsite-CMS_BillPaymentInquiry-V1
Solaire-App,Solaire-Product,int-prod-1,TBG-CMSEpayment-Microsite-ApiBanking_Login-V1
Solaire-App,CMS-ePayments-Merchant-Product,int-prod-1,TBG-CMSEpayment-Microsite-ApiBanking_Authorize-V1
Solaire-App,CMS-ePayments-Merchant-Product,int-prod-1,TBG-CMSEpayment-Microsite-CMS_BillPaymentInquiry-V1
Solaire-App,CMS-ePayments-Merchant-Product,int-prod-1,CMS-DataValidate-v1
Solaire-App,CMS-ePayments-Merchant-Product,int-prod-1,TBG-CMSEpayment-Microsite-ApiBanking_Login-V1
CMS-App,CMS-Product,int-prod-1,TBG-CMSEpayment-Microsite-ApiBanking_Authorize-V1
CMS-App,CMS-Product,int-prod-1,TBG-CMSEpayment-Microsite-ApiBanking_Login-V1
CMS-App,CMS-Product,int-prod-1,TBG-CMSEpayment-Microsite-ApiBanking_Login2FA-V1
CMS-App,CMS-Product,int-prod-1,TBG-CMSEpayment-Microsite-ApiBanking_Logout-V2
CMS-App,CMS-Product,int-prod-1,TBG-CMSEpayment-Microsite-ApiBanking_UserAttributes-V2
CMS-App,CMS-Product,int-prod-1,TBG-CMSEpayment-Microsite-CMS_BillPaymentInquiry-V1
CMS-App,CMS-Product,int-prod-1,TBG-CMSEpayment-Microsite-SouthBound_Proxy-V1
CJ-UM-APP,ATM-PRD-EPIDReqSub,"int-preprod-2,int-prod-3",CJ_UM-EPIDReqSub-V1
CJ-UM-APP,ATM-PRD-CFTSCardlessQR,"int-prod-1,int-prod-3",Retail-CJ-UM-ATM-Authentication-V1
CJ-UM-APP,ATM-PRD-CFTSCardlessQR,"int-prod-1,int-prod-3",API-CardlessTransactions-v1
CJ-UM-APP,ATM-PRD-CFTSCardlessQR,"int-prod-1,int-prod-3",API-QRFulfillment-v1
CJ-UM-APP,ATM-PRD-Authentication,int-prod-1,Retail-CJ-UM-ATM-Authentication-V1
CJ-UM-APP,ATM-PRD-CFTSBioBalanceInquiry,"int-preprod-2,int-prod-3",CJ_UM-BiometricsBalanceInquiry-V1
CJ-UM-APP,ATM-PRD-Terminal,int-prod-1,CBG-CJ_UM_R1A-ATM_API_Terminal_V1
CJ-UM-APP,ATM-PRD-CheckSubmission,"int-preprod-2,int-prod-2",Retail-CJ_UM-API_CheckAggregator-V1
CJ-UM-APP,ATM-PRD-CFTSBioCustomer,"int-preprod-2,int-prod-3",CJ_UM-BioCustomer-V1
CJ-UM-APP,ATM-PRD-CFTSBioWithdrawal,"int-preprod-2,int-prod-3",CJ_UM-BiometricsWithdrawal-V1
CJ-UM-APP,ATM-PRD-CheckDeposit,int-prod-2,API-CheckAccount-V1
CJ-UM-APP,ATM-PRD-EPIDRel,"int-preprod-2,int-prod-3",CJ_UM-ATM-EPIDRel-V1
CJ-UM-APP,ATM-PRD-Passbook,"int-preprod-2,int-prod-1",Retail-CJ-UM-ATM-Passbook-V1
CJ-UM-APP,ATM-PRD-RevokeAuthentication,"int-preprod-2,int-prod-3",CJ_UM-RevokeToken-V1
CJ-UM-APP,ATM-PRD-CFTSBioLinkedAccounts,"int-preprod-2,int-prod-3",CJ_UM-BioLinkedAccounts-V1
CJ-UM-APP,ATM-ADMIN-PRD-Authentication,int-prod-2,ADMIN-API-Login-V1
CJ-ATM-ADMIN-APP,ATM-ADMIN-PRD-KVM,int-prod-2,ADMIN-API-KVM-V1
CJ-ATM-ADMIN-APP,ATM-ADMIN-PRD-Authentication,int-prod-2,ADMIN-API-Login-V1
